customer_id,segment,home_store_id,signup_date,loyalty_join_date
1,commuter,1,2026-01-29,
2,occasional,3,2025-10-19,
3,weekender,3,2025-10-29,2026-01-11
4,student,2,2025-04-08,
5,student,2,2025-08-01,2025-11-06
6,occasional,1,2025-05-05,
7,occasional,3,2025-01-22,
8,commuter,1,2025-12-02,2025-12-14
9,occasional,2,2026-03-01,2026-03-01
10,student,2,2025-06-10,2025-12-01
11,occasional,3,2025-05-27,
12,occasional,3,2026-02-23,
13,occasional,1,2026-02-13,
14,occasional,3,2026-01-19,2026-01-19
15,weekender,3,2025-09-05,2026-02-15
16,occasional,3,2025-08-16,
17,weekender,2,2025-07-22,
18,student,2,2025-01-13,
19,student,2,2025-08-30,2025-11-18
20,student,2,2025-08-31,2025-11-24
21,weekender,3,2025-01-03,
22,weekender,2,2025-07-31,
23,occasional,2,2025-02-20,
24,commuter,1,2025-10-18,2025-12-26
25,weekender,1,2025-07-26,
26,student,2,2025-09-28,2025-11-12
27,student,2,2025-02-15,2025-08-20
28,weekender,2,2025-04-14,
29,weekender,3,2025-03-22,
30,student,2,2025-02-23,2025-10-21
31,student,2,2025-06-06,2025-09-22
32,occasional,3,2025-04-12,
33,occasional,2,2026-05-17,
34,occasional,1,2026-02-18,
35,student,2,2025-12-10,2025-12-10
36,occasional,1,2025-11-19,
37,weekender,3,2025-03-15,
38,weekender,1,2025-09-20,2025-12-07
39,occasional,3,2025-07-06,
40,student,2,2025-10-24,2026-02-03
41,occasional,3,2025-10-10,
42,student,2,2025-03-25,2026-01-14
43,student,2,2025-07-01,2025-11-15
44,occasional,3,2025-12-05,
45,student,2,2025-09-17,
46,weekender,3,2025-07-25,2025-09-30
47,weekender,3,2025-08-28,
48,student,2,2025-02-14,
49,occasional,3,2025-05-05,
50,weekender,1,2025-10-11,
51,occasional,3,2026-02-10,
52,student,2,2025-03-11,2026-01-30
53,weekender,2,2025-08-31,2025-08-31
54,weekender,3,2025-01-07,
55,weekender,3,2025-09-17,2025-10-28
56,occasional,2,2025-07-05,
57,weekender,1,2025-05-04,
58,weekender,3,2025-07-27,
59,commuter,1,2025-01-08,
60,occasional,1,2025-04-02,
61,weekender,1,2025-03-03,
62,student,2,2026-04-01,2026-04-01
63,weekender,3,2025-03-18,
64,commuter,1,2025-11-20,2026-01-28
65,occasional,3,2026-02-02,
66,occasional,3,2025-04-26,
67,commuter,1,2025-01-12,2026-02-06
68,student,2,2026-01-11,
69,occasional,2,2025-01-20,
70,student,2,2025-09-16,
71,weekender,2,2026-03-08,2026-03-08
72,weekender,1,2026-05-22,
73,occasional,1,2025-09-20,2025-12-20
74,occasional,3,2025-03-14,
75,occasional,3,2025-02-01,
76,occasional,3,2025-12-02,
77,commuter,1,2025-05-13,2025-11-20
78,occasional,2,2025-11-27,
79,commuter,1,2025-04-07,2026-01-29
80,student,2,2025-12-26,2025-12-26
81,student,2,2026-05-25,
82,occasional,2,2025-01-11,
83,weekender,3,2026-01-02,
84,commuter,1,2026-04-22,2026-04-22
85,commuter,1,2025-06-24,2025-09-19
86,occasional,1,2025-08-04,
87,weekender,3,2025-10-26,
88,occasional,3,2025-08-23,
89,weekender,3,2025-12-25,2025-12-30
90,occasional,2,2025-04-27,2026-02-08
91,occasional,3,2026-04-13,
92,student,2,2026-04-26,2026-04-26
93,occasional,1,2025-06-11,
94,occasional,3,2025-10-18,
95,occasional,3,2025-11-27,
96,occasional,2,2025-05-02,
97,weekender,2,2026-05-16,
98,occasional,2,2025-03-25,
99,student,2,2025-12-06,
100,weekender,1,2026-02-28,
101,occasional,3,2025-06-16,2026-01-19
102,commuter,1,2026-04-15,2026-04-15
103,occasional,3,2025-09-20,
104,weekender,2,2025-04-28,2025-12-07
105,occasional,1,2025-06-17,
106,commuter,1,2026-04-17,2026-04-17
107,occasional,3,2025-09-05,
108,occasional,3,2026-01-01,
109,occasional,3,2025-11-24,
110,student,2,2025-03-22,
111,occasional,2,2025-10-09,
112,student,2,2025-09-07,
113,occasional,2,2025-10-03,
114,commuter,1,2025-06-16,2025-11-07
115,student,2,2025-06-11,2026-01-06
116,commuter,1,2025-09-09,2025-11-26
117,commuter,1,2025-02-19,2025-10-09
118,weekender,1,2025-10-02,2025-12-20
119,student,2,2025-10-02,
120,weekender,2,2026-03-16,2026-03-16
121,occasional,2,2026-01-31,
122,occasional,2,2025-01-30,
123,student,2,2026-01-07,2026-01-07
124,student,2,2025-09-01,2026-01-11
125,student,2,2026-03-02,
126,commuter,1,2026-05-02,
127,occasional,1,2026-01-10,
128,occasional,3,2026-02-24,
129,weekender,2,2025-10-19,2025-12-24
130,weekender,1,2026-04-22,2026-04-22
131,occasional,3,2025-03-03,
132,occasional,2,2025-07-30,
133,occasional,3,2025-05-22,
134,occasional,1,2025-09-25,
135,student,2,2025-11-05,2025-12-30
136,occasional,1,2025-10-22,
137,occasional,3,2025-07-02,2026-01-21
138,occasional,3,2025-12-24,
139,student,2,2026-03-19,
140,occasional,2,2026-04-28,
141,occasional,3,2025-07-30,
142,weekender,1,2025-03-24,
143,commuter,1,2026-04-26,
144,student,2,2025-03-07,2025-10-22
145,occasional,3,2025-09-09,
146,student,2,2026-03-07,
147,commuter,1,2026-04-17,
148,student,2,2025-01-17,2025-09-03
149,commuter,1,2025-05-05,2025-11-05
150,student,2,2025-06-27,2026-02-11
151,occasional,1,2025-01-04,
152,student,2,2025-06-08,
153,weekender,1,2025-11-23,
154,student,2,2025-02-13,
155,occasional,3,2026-03-01,
156,commuter,1,2026-03-24,
157,occasional,2,2026-04-09,
158,weekender,3,2025-08-12,
159,student,2,2026-04-21,
160,occasional,3,2025-03-14,
161,weekender,1,2025-12-28,
162,weekender,1,2025-07-24,2025-09-27
163,student,2,2025-09-27,
164,occasional,1,2026-03-24,
165,student,2,2025-10-09,2025-10-09
166,commuter,1,2026-03-07,2026-03-07
167,occasional,1,2026-04-10,
168,commuter,1,2025-02-15,
169,commuter,1,2025-05-01,
170,weekender,1,2025-09-22,2026-02-16
171,student,2,2025-01-13,
172,student,2,2025-10-09,
173,weekender,3,2026-02-17,2026-02-17
174,occasional,1,2025-11-14,
175,occasional,3,2025-08-01,
176,commuter,1,2025-02-19,
177,occasional,1,2025-02-13,
178,commuter,1,2025-06-08,
179,occasional,3,2025-08-04,
180,student,2,2025-08-07,
181,occasional,3,2026-03-16,2026-03-16
182,occasional,3,2025-11-26,2026-02-04
183,occasional,3,2025-12-18,
184,occasional,3,2025-04-18,
185,student,2,2026-01-17,
186,occasional,3,2025-08-21,
187,occasional,1,2025-06-02,
188,commuter,1,2025-12-17,
189,occasional,1,2025-03-23,
190,student,2,2025-07-24,2025-12-28
191,commuter,1,2025-10-01,
192,weekender,1,2025-02-15,2025-12-23
193,weekender,2,2026-02-18,2026-02-18
194,weekender,3,2025-12-22,
195,occasional,2,2026-01-30,
196,weekender,3,2025-08-08,
197,occasional,3,2025-03-23,
198,commuter,1,2025-09-16,2025-09-16
199,student,2,2025-01-16,2025-10-27
200,student,2,2025-11-25,2025-11-25
201,occasional,1,2025-03-22,
202,occasional,2,2026-03-13,
203,student,2,2025-11-08,2025-11-08
204,occasional,3,2025-01-01,
205,occasional,2,2025-10-03,2026-01-16
206,occasional,2,2025-04-09,2025-12-11
207,commuter,1,2026-05-18,2026-05-18
208,student,2,2025-04-17,2025-11-27
209,occasional,2,2025-12-14,
210,occasional,3,2025-07-21,
211,student,2,2025-02-02,2025-11-23
212,weekender,3,2026-05-09,
213,student,2,2025-08-01,
214,weekender,2,2025-12-24,
215,commuter,1,2025-07-10,
216,student,2,2025-08-19,
217,student,2,2026-03-14,2026-03-14
218,occasional,1,2026-05-10,
219,weekender,3,2025-09-13,
220,commuter,1,2025-12-08,2026-01-08
221,weekender,3,2025-02-11,
222,weekender,3,2025-04-29,
223,occasional,2,2025-04-17,
224,weekender,3,2025-05-25,2025-12-17
225,weekender,1,2025-06-18,2025-09-19
226,student,2,2025-02-09,2026-02-09
227,weekender,2,2025-05-19,2025-10-16
228,occasional,3,2025-12-18,2025-12-18
229,weekender,3,2025-11-14,
230,occasional,3,2026-03-17,
231,commuter,1,2025-08-05,2026-01-05
232,student,2,2025-10-20,2025-10-20
233,occasional,3,2026-01-31,
234,weekender,2,2025-07-22,
235,weekender,3,2025-05-31,2025-08-28
236,student,2,2025-03-02,2025-09-22
237,student,2,2025-07-13,2026-01-25
238,occasional,2,2025-06-26,
239,student,2,2025-08-17,
240,weekender,2,2026-04-06,2026-04-06
241,occasional,2,2025-02-22,
242,occasional,3,2026-04-05,2026-04-05
243,occasional,3,2026-05-24,2026-05-24
244,weekender,3,2025-11-15,
245,commuter,1,2025-03-05,2025-10-06
246,commuter,1,2025-09-19,2025-10-20
247,weekender,2,2026-02-10,
248,commuter,1,2025-12-30,2026-02-12
249,commuter,1,2025-10-16,
250,student,2,2025-11-20,
251,occasional,3,2025-04-05,
252,commuter,1,2025-08-27,
253,commuter,1,2025-01-27,
254,occasional,1,2025-05-15,
255,occasional,3,2026-02-14,
256,occasional,2,2025-03-08,
257,student,2,2025-05-29,2026-01-01
258,occasional,3,2025-01-06,
259,occasional,3,2025-05-17,
260,weekender,3,2025-06-28,
261,occasional,2,2025-06-15,
262,weekender,3,2025-10-16,
263,weekender,2,2026-05-17,
264,occasional,3,2025-08-25,2026-01-28
265,occasional,3,2026-03-04,
266,student,2,2025-02-16,2026-01-30
267,weekender,3,2026-02-28,
268,commuter,1,2025-10-05,2025-12-16
269,occasional,3,2025-10-12,
270,weekender,3,2025-01-28,2025-10-03
271,commuter,1,2025-12-19,
272,occasional,3,2025-05-06,
273,occasional,3,2026-03-08,
274,occasional,3,2025-05-19,
275,weekender,3,2025-07-19,
276,weekender,1,2025-02-25,2025-10-16
277,commuter,1,2026-03-14,2026-03-14
278,commuter,1,2025-09-10,2025-11-01
279,student,2,2026-01-02,2026-01-02
280,weekender,1,2026-03-25,2026-03-25
281,occasional,1,2025-12-29,
282,commuter,1,2025-12-27,2025-12-27
283,commuter,1,2026-05-21,2026-05-21
284,occasional,1,2026-03-09,
285,occasional,2,2025-06-16,
286,occasional,3,2026-01-06,
287,occasional,1,2025-04-26,2025-10-02
288,occasional,3,2025-05-19,
289,weekender,1,2025-05-02,
290,occasional,3,2025-02-15,2025-11-14
291,weekender,2,2026-02-01,
292,student,2,2025-10-25,
293,occasional,2,2025-02-27,
294,weekender,3,2026-04-06,
295,occasional,3,2025-03-12,
296,weekender,2,2026-03-30,
297,commuter,1,2025-04-17,2026-01-06
298,commuter,1,2026-05-09,2026-05-09
299,weekender,1,2026-04-23,
300,occasional,2,2025-12-25,
301,occasional,2,2025-05-23,
302,student,2,2026-04-25,
303,commuter,1,2026-02-15,
304,weekender,1,2025-11-10,2025-11-10
305,student,2,2025-06-22,2025-10-29
306,student,2,2025-01-06,2025-08-16
307,weekender,3,2025-01-10,2025-08-06
308,student,2,2025-12-27,2025-12-27
309,weekender,3,2025-10-13,
310,commuter,1,2025-01-07,2026-01-03
311,student,2,2025-02-17,
312,occasional,2,2025-03-26,
313,weekender,3,2026-02-23,
314,occasional,3,2026-03-13,
315,occasional,2,2026-04-03,
316,student,2,2026-05-16,2026-05-16
317,student,2,2025-12-02,
318,weekender,1,2025-06-10,
319,commuter,1,2026-02-11,2026-02-11
320,commuter,1,2025-09-17,
321,occasional,2,2025-05-24,
322,occasional,2,2026-01-02,2026-01-02
323,student,2,2025-10-16,2025-10-16
324,occasional,3,2026-02-15,
325,weekender,2,2025-10-07,2026-02-08
326,occasional,3,2026-01-19,
327,student,2,2026-03-25,2026-03-25
328,weekender,2,2025-11-26,2025-12-01
329,occasional,1,2025-12-06,
330,occasional,1,2025-08-09,
331,student,2,2025-03-29,
332,occasional,3,2025-10-12,
333,student,2,2026-02-01,2026-02-01
334,occasional,3,2025-04-23,
335,occasional,3,2025-11-27,
336,weekender,2,2026-03-08,
337,occasional,3,2025-02-18,
338,weekender,3,2026-01-28,2026-02-11
339,occasional,3,2025-09-10,2025-12-30
340,occasional,3,2025-12-11,
341,occasional,3,2026-04-29,
342,occasional,3,2025-10-23,
343,commuter,1,2026-03-01,2026-03-01
344,occasional,1,2025-01-27,
345,occasional,2,2025-06-12,
346,weekender,3,2025-02-01,2025-12-08
347,weekender,3,2025-05-17,
348,student,2,2026-02-25,2026-02-25
349,commuter,1,2025-09-03,
350,occasional,2,2026-04-23,2026-04-23
351,commuter,1,2025-10-25,
352,occasional,2,2025-03-01,
353,commuter,1,2026-03-01,2026-03-01
354,weekender,3,2025-02-15,
355,commuter,1,2026-04-16,2026-04-16
356,occasional,3,2026-03-28,
357,student,2,2025-12-28,
358,weekender,1,2026-05-10,
359,student,2,2025-10-11,2025-11-21
360,weekender,2,2025-04-14,
361,occasional,3,2025-10-08,
362,commuter,1,2026-02-07,2026-02-07
363,occasional,2,2026-03-04,
364,occasional,3,2026-05-19,
365,occasional,1,2025-11-24,
366,student,2,2025-10-25,2025-10-25
367,occasional,3,2025-04-21,
368,commuter,1,2025-12-05,
369,occasional,3,2025-09-09,
370,student,2,2025-06-10,2025-11-11
371,student,2,2026-05-05,
372,commuter,1,2025-09-22,2025-09-22
373,occasional,3,2026-03-12,
374,weekender,3,2026-03-04,
375,occasional,3,2025-02-27,
376,commuter,1,2025-08-21,2025-09-25
377,occasional,3,2026-02-06,2026-02-06
378,student,2,2025-12-17,
379,student,2,2025-06-30,
380,occasional,1,2026-03-16,
381,commuter,1,2025-12-01,2025-12-01
382,weekender,3,2025-01-10,
383,weekender,3,2026-02-09,2026-02-09
384,commuter,1,2025-04-06,2026-01-03
385,weekender,3,2025-03-28,
386,student,2,2025-01-05,2025-09-04
387,student,2,2026-04-29,2026-04-29
388,occasional,2,2025-03-16,
389,weekender,1,2025-04-17,2025-11-06
390,commuter,1,2025-11-01,
391,occasional,2,2026-05-04,
392,student,2,2025-05-20,2025-12-01
393,weekender,3,2025-04-29,2025-08-20
394,student,2,2025-01-03,
395,occasional,3,2025-07-16,
396,occasional,1,2025-06-22,
397,student,2,2025-06-14,2025-12-14
398,occasional,1,2025-12-01,
399,occasional,3,2026-03-02,
400,occasional,3,2026-03-25,
401,student,2,2026-05-27,2026-05-27
402,student,2,2025-03-22,2026-01-19
403,student,2,2025-12-12,2025-12-12
404,commuter,1,2025-10-13,2025-12-30
405,commuter,1,2026-01-12,
406,occasional,1,2025-11-04,
407,student,2,2025-02-18,
408,occasional,3,2025-08-19,
409,commuter,1,2025-12-31,2025-12-31
410,occasional,3,2026-02-10,
411,student,2,2026-05-25,
412,occasional,3,2025-02-12,
413,occasional,1,2026-05-11,2026-05-11
414,occasional,2,2025-01-15,
415,student,2,2025-04-06,2026-01-30
416,commuter,1,2025-09-03,2025-11-01
417,occasional,3,2025-04-07,
418,weekender,1,2025-04-30,2026-02-14
419,commuter,1,2026-02-24,2026-02-24
420,weekender,3,2026-02-11,2026-02-11
421,commuter,1,2025-03-30,2025-10-21
422,weekender,2,2025-10-28,
423,occasional,1,2025-05-29,
424,occasional,3,2025-11-03,
425,student,2,2025-11-01,2025-11-01
426,student,2,2026-05-15,
427,student,2,2026-04-30,2026-04-30
428,commuter,1,2025-05-17,2026-02-14
429,occasional,1,2025-03-14,
430,occasional,2,2025-03-01,
431,occasional,3,2026-02-26,
432,commuter,1,2026-04-12,2026-04-12
433,commuter,1,2026-04-05,
434,occasional,3,2025-11-04,
435,commuter,1,2025-12-17,2025-12-17
436,commuter,1,2025-02-21,2025-09-12
437,occasional,2,2025-08-16,
438,student,2,2026-01-22,
439,weekender,3,2025-12-18,
440,weekender,1,2026-02-11,
441,occasional,1,2026-04-07,
442,weekender,2,2026-04-07,2026-04-07
443,occasional,2,2025-04-14,
444,weekender,3,2026-03-07,
445,student,2,2025-12-12,
446,student,2,2026-03-15,
447,occasional,3,2026-05-06,
448,student,2,2025-12-12,2026-02-01
449,occasional,3,2025-11-07,2026-01-09
450,occasional,3,2025-05-10,
451,occasional,1,2025-09-28,
452,commuter,1,2025-04-01,
453,student,2,2026-03-12,2026-03-12
454,occasional,3,2026-03-20,2026-03-20
455,student,2,2025-07-11,2025-09-18
456,commuter,1,2025-08-17,
457,occasional,3,2025-07-10,
458,occasional,3,2025-10-22,
459,student,2,2025-11-13,
460,commuter,1,2026-01-31,2026-01-31
461,occasional,3,2025-07-30,
462,weekender,3,2025-03-06,2025-09-15
463,occasional,2,2025-12-29,2025-12-31
464,weekender,3,2026-04-16,
465,student,2,2025-03-11,
466,commuter,1,2026-02-23,2026-02-23
467,weekender,3,2026-02-09,2026-02-09
468,occasional,2,2026-02-18,
469,commuter,1,2026-01-05,
470,student,2,2025-07-09,2025-09-07
471,weekender,3,2025-03-26,
472,occasional,3,2025-06-08,
473,student,2,2026-01-30,2026-01-30
474,occasional,3,2025-07-21,
475,student,2,2025-05-18,
476,occasional,3,2025-07-02,
477,occasional,1,2025-04-17,
478,occasional,3,2025-08-04,
479,student,2,2025-06-07,2025-08-23
480,occasional,2,2025-07-19,
481,student,2,2025-01-11,2026-02-13
482,student,2,2026-02-18,2026-02-18
483,commuter,1,2025-08-18,2025-08-24
484,weekender,3,2025-01-01,
485,commuter,1,2026-01-09,2026-02-14
486,occasional,3,2026-01-12,
487,commuter,1,2026-03-21,
488,weekender,3,2025-06-25,2025-10-16
489,occasional,3,2025-12-23,
490,commuter,1,2026-05-29,2026-05-29
491,weekender,1,2025-04-19,
492,weekender,1,2026-01-14,
493,occasional,3,2025-07-24,
494,occasional,2,2025-05-27,
495,occasional,3,2025-03-24,
496,occasional,3,2026-02-13,
497,weekender,1,2026-05-09,
498,student,2,2025-07-16,2026-01-01
499,commuter,1,2025-05-21,
500,commuter,1,2025-01-19,2025-08-22
501,occasional,3,2025-04-21,2025-08-31
502,student,2,2025-07-10,2025-09-23
503,occasional,3,2026-03-06,
504,student,2,2025-05-14,
505,commuter,1,2025-06-22,
506,student,2,2025-09-24,
507,student,2,2025-05-28,
508,commuter,1,2025-07-04,
509,weekender,3,2026-03-28,
510,occasional,2,2026-03-27,
511,weekender,3,2025-10-01,2026-01-29
512,weekender,2,2025-09-06,
513,occasional,3,2026-04-25,
514,student,2,2025-07-11,
515,weekender,2,2025-04-27,2025-12-22
516,occasional,3,2026-02-13,2026-02-13
517,weekender,2,2026-03-30,2026-03-30
518,weekender,3,2025-12-23,
519,weekender,3,2025-06-06,
520,commuter,1,2025-06-14,
521,occasional,3,2025-03-24,2025-10-30
522,occasional,1,2025-05-31,
523,occasional,3,2025-08-08,
524,weekender,3,2026-01-27,
525,student,2,2026-05-15,
526,occasional,3,2025-11-29,
527,occasional,3,2026-03-18,
528,occasional,2,2026-05-23,2026-05-23
529,student,2,2025-03-28,2025-09-03
530,occasional,2,2025-06-19,
531,occasional,3,2026-03-12,
532,occasional,3,2025-10-23,2026-02-02
533,commuter,1,2025-10-23,2026-01-13
534,occasional,3,2025-01-30,
535,occasional,1,2026-05-25,
536,commuter,1,2025-08-08,2025-08-19
537,weekender,3,2026-02-01,2026-02-01
538,commuter,1,2026-03-10,2026-03-10
539,occasional,3,2025-01-13,
540,weekender,3,2025-12-19,
541,weekender,3,2025-03-10,2025-10-30
542,occasional,3,2025-07-30,
543,occasional,3,2025-08-08,
544,commuter,1,2025-10-21,
545,occasional,3,2025-07-02,
546,weekender,3,2025-12-05,
547,student,2,2025-08-25,
548,student,2,2025-12-11,2025-12-11
549,weekender,3,2026-05-24,
550,occasional,1,2025-05-21,
551,occasional,1,2025-03-19,2025-11-04
552,commuter,1,2025-03-21,
553,weekender,1,2025-01-12,2026-01-09
554,occasional,3,2025-01-20,
555,occasional,1,2025-11-21,
556,occasional,2,2025-05-12,
557,weekender,3,2026-01-10,
558,student,2,2025-06-28,2026-01-29
559,weekender,2,2025-05-02,2025-11-16
560,weekender,3,2025-08-11,
561,occasional,3,2025-04-16,
562,student,2,2025-03-25,
563,student,2,2026-03-01,
564,occasional,2,2026-05-06,
565,weekender,2,2025-11-08,
566,weekender,3,2025-12-19,2025-12-19
567,occasional,1,2026-03-24,
568,occasional,2,2025-08-21,
569,occasional,3,2025-12-27,
570,occasional,2,2025-05-28,
571,occasional,2,2026-02-12,2026-02-12
572,occasional,2,2026-01-22,
573,occasional,1,2025-05-04,
574,weekender,1,2025-09-24,
575,student,2,2025-11-19,2026-01-07
576,student,2,2025-07-24,2025-08-19
577,weekender,1,2026-01-19,
578,commuter,1,2026-03-20,2026-03-20
579,commuter,1,2025-03-29,
580,occasional,2,2025-02-18,
581,occasional,1,2025-04-09,2025-09-25
582,commuter,1,2025-08-22,2025-08-22
583,commuter,1,2025-09-18,2025-10-23
584,occasional,3,2025-05-06,
585,weekender,2,2026-01-16,2026-01-16
586,weekender,3,2025-07-02,2025-12-22
587,commuter,1,2025-02-22,
588,occasional,3,2026-04-11,
589,student,2,2025-05-29,2025-11-21
590,student,2,2025-03-27,2025-12-17
591,weekender,3,2026-05-30,
592,weekender,3,2025-10-03,2025-10-21
593,occasional,1,2025-09-13,
594,student,2,2025-10-13,
595,commuter,1,2025-03-20,2025-12-12
596,commuter,1,2025-04-25,
597,occasional,1,2025-08-27,
598,student,2,2025-03-12,2025-08-05
599,occasional,3,2025-04-09,2025-09-25
600,commuter,1,2025-03-29,
601,weekender,3,2026-01-20,2026-01-20
602,occasional,3,2025-06-26,
603,weekender,1,2025-05-12,
604,weekender,1,2025-02-24,
605,occasional,2,2025-07-21,
606,weekender,3,2026-03-20,2026-03-20
607,occasional,1,2025-03-05,
608,student,2,2025-06-30,
609,weekender,3,2025-09-08,
610,occasional,1,2026-05-13,
611,occasional,2,2025-11-21,
612,commuter,1,2026-05-26,2026-05-26
613,occasional,3,2026-02-28,
614,occasional,1,2026-02-01,
615,occasional,3,2025-11-07,
616,occasional,2,2025-01-06,
617,weekender,3,2025-05-28,2025-08-25
618,occasional,3,2025-02-24,
619,student,2,2026-05-04,
620,commuter,1,2025-09-04,
621,occasional,3,2026-05-12,
622,occasional,1,2025-04-29,
623,occasional,3,2025-12-25,
624,weekender,1,2025-10-25,
625,occasional,3,2025-03-12,2025-08-30
626,occasional,3,2025-05-14,
627,student,2,2025-04-30,
628,occasional,1,2025-10-18,2025-10-18
629,occasional,3,2025-01-18,
630,student,2,2025-03-22,
631,student,2,2025-12-12,
632,weekender,2,2026-05-02,
633,occasional,1,2025-05-24,
634,occasional,3,2025-12-08,
635,occasional,3,2025-03-07,
636,occasional,3,2025-09-12,
637,occasional,2,2025-01-12,
638,occasional,3,2025-10-07,
639,commuter,1,2026-04-17,
640,student,2,2026-05-24,2026-05-24
641,occasional,3,2025-07-30,
642,weekender,2,2026-03-01,2026-03-01
643,student,2,2025-02-27,2026-01-10
644,commuter,1,2025-04-25,2025-12-21
645,student,2,2025-02-05,
646,weekender,1,2026-01-19,2026-01-19
647,occasional,3,2025-02-01,
648,student,2,2025-12-30,2025-12-30
649,occasional,1,2025-06-21,
650,commuter,1,2026-03-22,2026-03-22
651,occasional,1,2025-02-24,
652,occasional,3,2025-09-05,
653,weekender,3,2026-03-03,
654,weekender,1,2025-01-08,
655,occasional,2,2025-12-27,
656,student,2,2025-06-24,2026-02-05
657,occasional,3,2026-04-01,
658,occasional,1,2025-06-03,
659,occasional,3,2025-07-03,
660,occasional,3,2025-04-10,
661,weekender,3,2025-04-03,2025-08-27
662,occasional,3,2026-02-14,
663,weekender,3,2025-01-21,
664,student,2,2025-01-20,2025-11-07
665,occasional,3,2025-02-27,
666,commuter,1,2025-12-29,2025-12-29
667,student,2,2025-02-09,2025-11-09
668,occasional,1,2025-05-14,2025-12-18
669,occasional,3,2026-03-04,2026-03-04
670,student,2,2025-12-04,
671,occasional,1,2026-03-16,
672,occasional,3,2025-01-10,
673,occasional,3,2026-02-13,
674,weekender,2,2025-08-27,
675,student,2,2025-03-04,
676,commuter,1,2025-11-22,2025-11-22
677,student,2,2025-08-05,
678,student,2,2025-06-06,2025-08-18
679,commuter,1,2026-05-16,2026-05-16
680,commuter,1,2026-04-20,2026-04-20
681,student,2,2025-05-30,
682,weekender,2,2025-12-28,
683,occasional,3,2025-05-19,
684,weekender,2,2025-09-27,
685,weekender,3,2025-11-24,
686,occasional,3,2025-02-21,
687,occasional,3,2026-01-04,2026-01-04
688,weekender,1,2025-05-03,2025-09-30
689,occasional,1,2026-01-02,
690,occasional,1,2026-05-24,
691,commuter,1,2026-05-22,2026-05-22
692,occasional,3,2025-12-28,
693,occasional,3,2026-05-30,2026-05-30
694,weekender,3,2026-05-12,
695,occasional,1,2026-03-29,
696,occasional,1,2026-01-16,
697,occasional,2,2025-05-01,
698,weekender,3,2025-04-25,2026-01-04
699,occasional,1,2026-02-26,
700,occasional,2,2025-02-11,
701,student,2,2025-01-22,
702,commuter,1,2025-10-03,2025-10-03
703,occasional,3,2026-01-22,
704,weekender,2,2026-01-27,2026-01-27
705,student,2,2025-06-03,
706,student,2,2025-07-26,2026-01-31
707,student,2,2025-11-27,
708,weekender,2,2026-04-10,
709,weekender,3,2025-10-25,
710,student,2,2026-03-27,
711,commuter,1,2025-04-14,
712,occasional,3,2025-11-06,
713,commuter,1,2025-10-24,
714,occasional,3,2025-10-25,
715,commuter,1,2025-09-22,
716,weekender,1,2026-05-28,2026-05-28
717,occasional,3,2025-11-10,2025-11-10
718,occasional,2,2025-08-30,
719,occasional,2,2025-09-09,
720,commuter,1,2025-04-21,
721,occasional,1,2026-05-21,
722,occasional,2,2025-12-01,
723,occasional,2,2025-09-09,2026-02-14
724,occasional,3,2025-12-20,2025-12-25
725,occasional,3,2026-04-16,2026-04-16
726,occasional,1,2025-09-01,
727,occasional,2,2026-01-29,
728,occasional,1,2025-02-12,
729,occasional,2,2025-08-19,
730,weekender,3,2025-12-15,2026-01-29
731,weekender,1,2025-02-18,
732,occasional,3,2026-04-04,
733,occasional,3,2025-10-02,
734,commuter,1,2026-05-15,
735,commuter,1,2026-04-01,2026-04-01
736,weekender,1,2025-10-10,2025-10-10
737,student,2,2025-03-10,
738,occasional,2,2025-01-10,
739,occasional,3,2025-09-04,
740,student,2,2025-09-09,2026-01-02
741,occasional,2,2025-06-16,
742,student,2,2026-01-23,
743,occasional,1,2025-02-03,
744,commuter,1,2026-03-10,2026-03-10
745,occasional,2,2026-01-09,
746,weekender,3,2025-10-18,
747,occasional,3,2025-08-28,
748,commuter,1,2026-03-19,
749,weekender,3,2026-03-26,2026-03-26
750,occasional,1,2026-04-28,
751,occasional,1,2025-09-22,
752,commuter,1,2026-03-28,
753,occasional,1,2025-10-23,
754,student,2,2025-08-19,2025-08-25
755,commuter,1,2026-02-27,2026-02-27
756,commuter,1,2026-04-03,2026-04-03
757,occasional,3,2025-10-23,2025-10-23
758,occasional,1,2026-05-20,2026-05-20
759,occasional,3,2025-10-21,
760,occasional,3,2025-03-23,2025-08-03
761,occasional,3,2025-08-14,
762,occasional,2,2025-05-21,
763,weekender,2,2025-05-12,2026-02-07
764,occasional,3,2026-03-01,
765,occasional,3,2025-03-18,
766,weekender,2,2026-02-07,2026-02-07
767,student,2,2025-06-19,2025-11-01
768,occasional,2,2025-11-11,
769,commuter,1,2025-02-21,
770,weekender,3,2025-06-13,
771,occasional,3,2026-02-12,
772,occasional,2,2025-12-08,
773,occasional,3,2026-04-12,
774,weekender,1,2025-05-28,2026-01-06
775,student,2,2025-06-17,2026-01-06
776,weekender,3,2025-06-11,
777,occasional,1,2025-10-03,
778,weekender,3,2025-10-09,
779,occasional,1,2025-08-18,
780,occasional,2,2025-12-14,
781,occasional,1,2025-08-29,
782,occasional,1,2025-10-11,
783,occasional,2,2026-02-24,
784,weekender,1,2025-07-04,
785,student,2,2025-03-03,
786,occasional,3,2025-10-14,2025-12-31
787,occasional,1,2026-05-22,
788,occasional,3,2025-10-02,
789,commuter,1,2025-05-07,
790,weekender,1,2025-09-06,
791,commuter,1,2025-02-06,2026-02-07
792,weekender,3,2026-01-04,
793,weekender,3,2025-12-24,
794,student,2,2025-03-01,2025-11-25
795,occasional,3,2026-02-07,
796,occasional,2,2026-01-11,
797,student,2,2025-01-14,
798,occasional,3,2026-03-18,
799,student,2,2025-10-30,2025-10-30
800,student,2,2025-07-24,
801,occasional,3,2025-04-30,
802,occasional,3,2026-03-26,
803,occasional,1,2025-10-17,
804,student,2,2025-10-23,
805,student,2,2025-11-17,2025-11-17
806,weekender,2,2025-11-06,
807,occasional,1,2025-02-18,
808,occasional,1,2026-01-14,2026-01-14
809,occasional,3,2026-03-18,
810,occasional,1,2025-09-26,
811,student,2,2025-11-03,
812,occasional,2,2025-04-14,
813,occasional,3,2025-05-06,
814,student,2,2025-11-01,2025-11-01
815,commuter,1,2025-02-01,
816,commuter,1,2025-05-07,2026-01-29
817,occasional,2,2025-10-13,
818,occasional,1,2025-07-29,
819,student,2,2025-02-27,2025-08-05
820,occasional,3,2025-09-18,
821,student,2,2025-12-02,2025-12-02
822,occasional,1,2026-05-28,
823,student,2,2025-11-07,2025-11-07
824,occasional,1,2025-08-12,
825,commuter,1,2025-05-28,
826,weekender,3,2026-01-12,2026-02-08
827,student,2,2025-08-29,2025-12-26
828,occasional,1,2025-10-28,
829,occasional,2,2026-01-25,
830,student,2,2026-01-29,
831,occasional,3,2025-12-26,
832,weekender,1,2025-07-23,2026-02-02
833,student,2,2025-02-26,
834,student,2,2025-06-03,2025-11-19
835,commuter,1,2026-01-30,2026-01-30
836,commuter,1,2026-03-01,2026-03-01
837,occasional,3,2026-02-07,2026-02-07
838,commuter,1,2025-10-02,2026-01-08
839,occasional,2,2025-01-26,
840,occasional,3,2025-03-01,
841,weekender,3,2025-03-14,2025-12-05
842,weekender,3,2025-06-04,2025-12-12
843,commuter,1,2025-11-27,
844,student,2,2025-01-14,
845,occasional,1,2026-05-01,
846,occasional,1,2026-02-13,
847,weekender,3,2025-09-03,2025-11-17
848,student,2,2026-05-01,
849,occasional,1,2025-10-09,
850,commuter,1,2025-04-24,2026-01-27
851,weekender,3,2025-01-04,2025-08-10
852,occasional,3,2025-06-13,
853,weekender,3,2025-07-27,
854,student,2,2025-01-18,2025-09-18
855,student,2,2025-01-04,
856,weekender,3,2025-07-16,
857,occasional,3,2025-08-22,
858,occasional,3,2026-05-09,
859,student,2,2025-12-12,
860,student,2,2025-06-05,
861,occasional,2,2025-08-10,
862,occasional,3,2025-11-17,
863,commuter,1,2026-01-27,
864,weekender,2,2025-05-25,
865,occasional,3,2026-03-16,
866,commuter,1,2026-01-02,2026-01-02
867,occasional,3,2025-04-02,
868,commuter,1,2026-03-04,2026-03-04
869,commuter,1,2025-10-05,2026-01-04
870,weekender,3,2026-01-09,2026-02-08
871,occasional,2,2025-09-30,2025-09-30
872,occasional,3,2025-07-19,
873,occasional,3,2025-04-07,
874,commuter,1,2026-01-19,
875,weekender,3,2025-11-11,
876,weekender,3,2025-09-05,
877,commuter,1,2026-03-29,2026-03-29
878,occasional,3,2026-03-16,
879,student,2,2026-01-11,2026-01-14
880,weekender,2,2025-06-29,2026-01-28
881,weekender,3,2025-11-04,2025-11-04
882,occasional,2,2026-03-02,
883,occasional,1,2026-04-18,
884,occasional,3,2025-12-10,
885,student,2,2026-01-04,2026-01-04
886,student,2,2025-02-17,2025-10-27
887,weekender,3,2025-04-13,2026-02-12
888,student,2,2025-04-26,2025-10-29
889,occasional,2,2025-01-31,
890,weekender,2,2025-11-24,
891,weekender,2,2025-01-29,
892,occasional,3,2025-07-25,
893,student,2,2025-09-24,
894,occasional,2,2026-02-03,
895,occasional,1,2025-06-06,
896,occasional,1,2025-04-23,2025-09-10
897,occasional,3,2026-02-10,
898,occasional,1,2026-01-31,
899,occasional,3,2025-07-10,
900,occasional,3,2025-05-04,2025-08-26
901,occasional,1,2025-09-10,
902,occasional,2,2025-07-20,
903,weekender,2,2025-05-20,
904,student,2,2025-11-13,2025-11-13
905,commuter,1,2025-03-06,2026-01-04
906,occasional,3,2025-12-15,2025-12-15
907,commuter,1,2025-07-18,
908,occasional,1,2026-05-04,
909,student,2,2025-03-26,
910,occasional,2,2026-02-14,2026-02-14
911,commuter,1,2025-10-06,2025-12-05
912,student,2,2025-07-02,
913,occasional,3,2025-04-03,
914,student,2,2026-02-22,2026-02-22
915,weekender,1,2025-03-01,2026-01-16
916,student,2,2025-03-20,
917,commuter,1,2025-11-15,2025-11-15
918,occasional,1,2026-04-15,
919,weekender,3,2025-02-24,
920,occasional,3,2025-06-27,
921,student,2,2026-01-27,2026-01-27
922,weekender,3,2025-09-19,2025-11-01
923,occasional,3,2025-02-01,
924,occasional,2,2026-04-26,
925,weekender,1,2025-11-27,
926,occasional,3,2025-11-17,
927,commuter,1,2025-03-26,2026-01-17
928,student,2,2026-02-07,2026-02-07
929,weekender,2,2026-02-26,2026-02-26
930,weekender,3,2025-12-05,
931,student,2,2025-08-29,
932,occasional,2,2025-03-25,
933,student,2,2025-07-13,
934,occasional,3,2025-07-20,
935,student,2,2025-10-06,2026-01-17
936,occasional,3,2025-07-10,2025-12-22
937,weekender,3,2025-03-05,2025-09-07
938,occasional,1,2025-02-07,
939,weekender,3,2025-01-30,
940,student,2,2026-02-06,2026-02-06
941,occasional,1,2025-08-11,
942,occasional,2,2025-07-27,
943,occasional,2,2026-02-13,
944,commuter,1,2026-04-18,
945,commuter,1,2025-07-11,
946,student,2,2026-01-19,2026-01-19
947,student,2,2025-01-30,2025-10-09
948,commuter,1,2025-07-20,2025-11-04
949,occasional,3,2025-11-29,2025-11-29
950,student,2,2025-01-16,2025-10-26
951,weekender,3,2026-01-31,2026-01-31
952,commuter,1,2026-04-21,2026-04-21
953,student,2,2026-04-14,2026-04-14
954,weekender,1,2025-02-01,
955,weekender,3,2026-05-01,
956,commuter,1,2025-07-28,
957,occasional,3,2025-02-02,
958,occasional,3,2025-04-25,
959,student,2,2025-03-10,2025-10-31
960,student,2,2026-05-22,2026-05-22
961,occasional,3,2026-04-02,
962,weekender,3,2026-03-30,2026-03-30
963,commuter,1,2025-04-20,2026-01-17
964,commuter,1,2025-05-19,2026-01-18
965,occasional,3,2026-04-29,
966,occasional,1,2025-04-09,
967,weekender,3,2025-10-11,
968,commuter,1,2025-02-01,
969,occasional,2,2026-04-18,
970,student,2,2025-01-10,2025-10-03
971,student,2,2025-10-13,
972,occasional,1,2025-03-11,
973,occasional,2,2025-08-07,
974,commuter,1,2025-08-19,2025-11-15
975,weekender,1,2025-02-14,
976,student,2,2025-08-10,
977,occasional,1,2025-01-04,
978,student,2,2025-12-18,2026-01-28
979,student,2,2026-03-21,2026-03-21
980,occasional,3,2025-02-13,
981,occasional,2,2026-03-09,
982,occasional,2,2025-03-04,
983,weekender,3,2025-11-01,
984,commuter,1,2025-10-14,2025-12-23
985,student,2,2026-03-05,2026-03-05
986,occasional,2,2025-02-10,2025-11-21
987,commuter,1,2026-01-02,2026-01-02
988,occasional,2,2025-06-16,
989,occasional,3,2025-10-29,
990,occasional,1,2026-04-25,
991,student,2,2026-04-17,
992,occasional,2,2025-04-12,
993,occasional,3,2025-09-27,
994,occasional,1,2025-07-27,
995,commuter,1,2025-02-18,2025-08-16
996,occasional,1,2025-09-13,
997,occasional,3,2025-09-03,
998,student,2,2025-11-19,
999,student,2,2025-12-02,2025-12-02
1000,weekender,1,2026-02-11,2026-02-11
1001,occasional,3,2025-11-24,
1002,commuter,1,2025-06-15,2025-10-24
1003,occasional,3,2025-07-16,2025-11-14
1004,weekender,3,2025-10-14,2025-12-01
1005,occasional,1,2025-09-04,
1006,commuter,1,2025-02-18,2025-12-25
1007,occasional,3,2025-11-28,
1008,commuter,1,2025-06-14,2026-01-30
1009,occasional,2,2026-04-21,2026-04-21
1010,commuter,1,2025-07-09,2025-12-24
1011,occasional,2,2026-04-07,
1012,student,2,2025-07-06,
1013,student,2,2025-03-11,
1014,occasional,3,2025-11-29,
1015,student,2,2025-03-18,
1016,weekender,3,2026-02-13,2026-02-13
1017,occasional,3,2025-08-20,2025-10-16
1018,commuter,1,2025-11-22,2026-02-02
1019,occasional,3,2025-07-23,
1020,occasional,1,2025-12-29,
1021,weekender,2,2026-03-15,
1022,occasional,1,2025-01-28,
1023,student,2,2025-09-06,2025-09-18
1024,weekender,1,2025-11-23,2026-01-28
1025,student,2,2026-05-05,
1026,student,2,2025-02-28,
1027,occasional,3,2025-11-12,
1028,commuter,1,2026-02-09,2026-02-09
1029,occasional,1,2025-07-04,
1030,occasional,2,2025-04-27,
1031,student,2,2025-10-30,2025-10-30
1032,occasional,1,2025-04-05,
1033,commuter,1,2026-05-18,
1034,occasional,2,2025-10-18,2025-10-18
1035,occasional,2,2025-08-05,2025-08-05
1036,occasional,2,2025-08-19,
1037,commuter,1,2025-07-15,
1038,commuter,1,2025-04-24,2025-10-28
1039,occasional,3,2026-01-17,
1040,student,2,2025-01-16,2025-11-07
1041,occasional,3,2025-06-06,
1042,weekender,3,2025-01-17,
1043,weekender,2,2025-08-18,
1044,occasional,1,2025-08-18,
1045,occasional,3,2025-09-30,
1046,weekender,1,2025-06-17,
1047,weekender,3,2026-05-17,2026-05-17
1048,commuter,1,2025-01-24,2026-01-07
1049,occasional,1,2026-02-06,
1050,occasional,1,2026-04-03,
1051,commuter,1,2025-04-17,2025-08-07
1052,student,2,2025-02-25,
1053,occasional,3,2025-09-22,
1054,weekender,3,2025-05-25,2025-12-04
1055,student,2,2025-03-08,
1056,student,2,2026-02-24,
1057,occasional,1,2025-02-24,
1058,occasional,2,2025-12-24,
1059,commuter,1,2025-03-16,
1060,weekender,3,2025-11-17,
1061,occasional,3,2026-05-03,
1062,occasional,2,2026-01-25,
1063,occasional,1,2025-09-02,
1064,occasional,3,2025-10-21,
1065,occasional,1,2025-12-27,
1066,occasional,2,2025-08-03,
1067,student,2,2026-03-02,
1068,commuter,1,2026-05-21,
1069,commuter,1,2025-08-18,2025-09-29
1070,weekender,1,2025-02-09,2026-01-13
1071,commuter,1,2025-06-12,
1072,occasional,3,2025-03-10,
1073,student,2,2025-12-09,2025-12-09
1074,occasional,3,2026-04-25,
1075,student,2,2025-04-02,2025-09-07
1076,commuter,1,2025-07-20,2025-12-31
1077,student,2,2026-03-07,
1078,commuter,1,2025-11-22,2026-01-30
1079,student,2,2026-02-05,2026-02-05
1080,commuter,1,2025-06-01,2025-09-23
1081,occasional,2,2025-06-21,
1082,weekender,3,2025-08-03,
1083,weekender,2,2026-04-21,
1084,commuter,1,2025-09-18,
1085,commuter,1,2025-10-02,
1086,occasional,2,2026-05-12,
1087,student,2,2025-02-01,
1088,student,2,2026-01-01,
1089,commuter,1,2025-01-31,
1090,occasional,2,2026-01-25,
1091,occasional,3,2025-09-05,
1092,student,2,2026-04-15,
1093,student,2,2025-09-02,
1094,student,2,2025-03-21,2025-08-20
1095,commuter,1,2026-02-13,2026-02-13
1096,student,2,2025-02-07,
1097,occasional,2,2025-01-07,
1098,commuter,1,2025-11-12,2025-11-12
1099,occasional,1,2025-04-01,
1100,commuter,1,2026-05-21,
1101,weekender,3,2026-01-06,
1102,occasional,1,2025-01-05,
1103,student,2,2025-09-10,
1104,occasional,2,2026-04-06,
1105,occasional,3,2025-12-17,
1106,occasional,3,2025-05-14,
1107,student,2,2025-09-26,
1108,commuter,1,2025-06-08,2025-08-26
1109,weekender,2,2026-03-17,
1110,student,2,2025-09-26,
1111,occasional,3,2025-08-27,
1112,occasional,2,2025-06-26,
1113,weekender,3,2026-03-07,
1114,occasional,3,2025-08-01,
1115,occasional,3,2026-03-15,
1116,student,2,2025-04-22,2026-02-15
1117,commuter,1,2026-03-28,2026-03-28
1118,weekender,2,2025-11-06,
1119,weekender,3,2026-03-19,
1120,occasional,1,2025-07-31,
1121,occasional,3,2025-07-17,
1122,commuter,1,2026-03-18,
1123,occasional,3,2025-04-21,
1124,student,2,2026-03-16,2026-03-16
1125,student,2,2026-05-13,2026-05-13
1126,commuter,1,2025-06-15,2026-02-13
1127,weekender,3,2026-01-28,
1128,occasional,2,2025-11-18,
1129,occasional,3,2025-04-05,
1130,weekender,1,2026-01-26,
1131,occasional,1,2025-08-09,
1132,occasional,2,2025-07-21,
1133,weekender,3,2025-08-09,
1134,occasional,2,2026-04-02,
1135,occasional,1,2025-01-30,
1136,commuter,1,2025-12-21,2026-01-19
1137,weekender,1,2025-06-01,2025-12-08
1138,occasional,3,2026-03-29,
1139,weekender,3,2025-10-05,2025-10-05
1140,student,2,2025-01-03,2026-01-27
1141,student,2,2025-03-21,
1142,occasional,1,2025-01-27,
1143,occasional,1,2025-07-01,
1144,commuter,1,2025-10-25,2025-10-25
1145,occasional,1,2025-05-11,
1146,occasional,2,2025-05-20,
1147,weekender,1,2025-03-15,
1148,student,2,2026-05-01,
1149,student,2,2025-12-25,2025-12-25
1150,occasional,2,2025-06-04,
1151,weekender,2,2026-05-04,
1152,occasional,3,2025-02-02,
1153,occasional,3,2025-05-12,
1154,occasional,1,2025-01-12,
1155,occasional,1,2025-03-12,
1156,commuter,1,2025-12-31,
1157,student,2,2025-03-03,
1158,weekender,1,2025-09-27,
1159,commuter,1,2025-01-12,
1160,weekender,1,2025-03-29,
1161,student,2,2025-11-06,2025-11-06
1162,commuter,1,2025-02-27,2025-09-01
1163,commuter,1,2026-05-17,
1164,commuter,1,2025-07-21,2026-01-04
1165,commuter,1,2025-10-17,2025-10-17
1166,occasional,2,2026-04-05,
1167,student,2,2025-05-24,
1168,occasional,1,2025-11-15,
1169,commuter,1,2026-01-14,2026-01-14
1170,occasional,3,2025-10-11,
1171,weekender,3,2026-03-13,2026-03-13
1172,occasional,2,2025-05-26,
1173,occasional,2,2025-10-16,
1174,student,2,2026-04-10,2026-04-10
1175,occasional,3,2025-05-14,
1176,student,2,2026-02-19,2026-02-19
1177,occasional,1,2025-12-31,
1178,weekender,1,2025-05-01,2025-10-14
1179,commuter,1,2025-10-09,2025-10-09
1180,student,2,2026-02-04,2026-02-04
1181,commuter,1,2026-05-18,2026-05-18
1182,occasional,1,2025-05-08,
1183,weekender,2,2025-03-17,
1184,weekender,2,2025-12-16,2025-12-16
1185,occasional,2,2025-07-20,
1186,student,2,2025-03-09,2025-09-30
1187,occasional,2,2025-01-12,
1188,occasional,3,2025-10-19,
1189,occasional,3,2025-01-06,2026-01-15
1190,commuter,1,2026-01-20,2026-01-20
1191,student,2,2026-01-15,2026-01-15
1192,student,2,2025-01-11,2025-12-16
1193,occasional,3,2025-07-29,
1194,commuter,1,2026-01-06,
1195,commuter,1,2025-07-19,2025-10-05
1196,occasional,2,2025-08-06,2025-10-07
1197,student,2,2025-04-21,
1198,student,2,2026-03-22,2026-03-22
1199,commuter,1,2025-02-13,2025-12-06
1200,commuter,1,2025-12-31,2025-12-31
1201,weekender,2,2025-11-02,
1202,weekender,1,2025-08-03,
1203,occasional,2,2026-03-05,
1204,occasional,3,2026-01-06,
1205,student,2,2025-05-03,
1206,occasional,1,2026-05-23,
1207,commuter,1,2025-09-11,
1208,occasional,3,2026-02-18,
1209,student,2,2025-01-24,2025-10-03
1210,occasional,2,2025-11-22,
1211,occasional,3,2025-11-19,
1212,occasional,2,2026-03-01,
1213,weekender,2,2026-01-08,2026-01-08
1214,commuter,1,2025-10-09,
1215,commuter,1,2025-08-16,2025-09-21
1216,student,2,2026-03-06,2026-03-06
1217,commuter,1,2026-05-08,2026-05-08
1218,student,2,2025-08-30,2026-01-15
1219,occasional,1,2025-12-18,
1220,student,2,2025-12-22,2026-01-10
1221,student,2,2025-03-08,2026-01-25
1222,occasional,3,2025-01-08,
1223,occasional,1,2025-09-12,
1224,student,2,2025-10-26,2026-01-01
1225,weekender,2,2025-09-19,
1226,weekender,2,2025-11-13,2025-11-13
1227,occasional,3,2025-03-27,
1228,commuter,1,2025-06-02,2025-09-11
1229,occasional,3,2025-04-06,
1230,commuter,1,2025-08-27,2025-11-24
1231,weekender,3,2025-11-07,
1232,occasional,2,2025-05-05,
1233,commuter,1,2026-03-23,2026-03-23
1234,occasional,3,2025-04-10,
1235,student,2,2025-05-01,
1236,student,2,2025-12-09,
1237,weekender,2,2025-01-29,
1238,student,2,2026-05-10,
1239,weekender,2,2025-03-07,
1240,weekender,1,2026-02-10,
1241,occasional,1,2026-03-16,
1242,occasional,3,2025-08-24,
1243,occasional,1,2025-12-25,
1244,weekender,1,2026-05-18,
1245,occasional,1,2026-01-14,
1246,occasional,1,2026-05-26,
1247,weekender,3,2025-11-04,2025-11-04
1248,commuter,1,2025-11-11,2025-12-16
1249,student,2,2025-11-10,2025-11-10
1250,occasional,1,2026-01-04,2026-01-22
1251,weekender,3,2025-09-22,
1252,student,2,2025-04-08,2026-01-31
1253,occasional,3,2025-12-08,2025-12-08
1254,occasional,3,2025-10-15,
1255,commuter,1,2025-09-29,2026-02-05
1256,occasional,3,2025-04-17,
1257,weekender,3,2026-05-22,
1258,student,2,2025-11-08,
1259,weekender,3,2026-01-20,2026-01-20
1260,weekender,3,2025-04-12,
1261,occasional,3,2025-05-03,
1262,occasional,2,2025-09-24,
1263,student,2,2025-09-06,
1264,weekender,1,2025-11-13,2025-11-13
1265,commuter,1,2025-04-14,2025-11-17
1266,student,2,2025-01-29,
1267,occasional,1,2025-10-05,
1268,weekender,3,2025-07-05,2025-12-02
1269,occasional,2,2025-08-23,
1270,student,2,2025-03-07,2025-09-15
1271,occasional,2,2025-08-26,
1272,commuter,1,2025-08-23,
1273,commuter,1,2026-04-16,2026-04-16
1274,weekender,3,2025-08-03,
1275,occasional,3,2026-01-14,
1276,occasional,3,2025-05-24,
1277,student,2,2025-08-10,
1278,student,2,2025-11-27,
1279,commuter,1,2026-05-08,2026-05-08
1280,occasional,3,2026-05-26,
1281,occasional,2,2025-08-23,
1282,occasional,3,2025-05-19,
1283,occasional,3,2025-03-15,
1284,student,2,2025-06-20,2026-02-14
1285,occasional,3,2025-08-23,
1286,weekender,2,2026-05-15,2026-05-15
1287,occasional,2,2026-01-02,2026-01-07
1288,student,2,2025-04-26,
1289,occasional,3,2026-05-15,
1290,student,2,2025-08-19,
1291,student,2,2026-03-24,2026-03-24
1292,student,2,2025-08-18,2025-11-13
1293,weekender,3,2026-04-19,
1294,student,2,2025-08-28,2025-11-03
1295,occasional,3,2025-07-14,
1296,occasional,3,2025-09-12,
1297,student,2,2025-05-03,2025-10-03
1298,occasional,1,2025-09-09,
1299,occasional,3,2026-04-15,
1300,occasional,2,2025-03-30,
1301,occasional,3,2025-02-24,
1302,occasional,1,2026-03-08,
1303,occasional,2,2025-07-26,
1304,occasional,1,2025-01-30,
1305,occasional,1,2025-08-23,
1306,occasional,3,2025-10-21,
1307,student,2,2025-05-08,2025-09-23
1308,commuter,1,2025-12-06,2026-01-14
1309,occasional,2,2025-09-28,
1310,student,2,2025-01-26,2025-10-12
1311,occasional,3,2025-09-04,
1312,occasional,2,2025-03-29,2025-10-08
1313,occasional,3,2025-09-08,
1314,student,2,2025-12-18,
1315,occasional,3,2025-06-27,
1316,occasional,3,2025-06-26,
1317,commuter,1,2026-03-28,2026-03-28
1318,occasional,1,2026-03-19,
1319,occasional,1,2025-01-19,
1320,occasional,2,2025-02-02,
1321,student,2,2026-01-10,2026-01-10
1322,occasional,1,2025-10-10,2025-10-10
1323,student,2,2025-06-06,2025-12-09
1324,occasional,2,2026-05-20,
1325,occasional,3,2025-09-06,
1326,weekender,3,2025-07-28,2025-10-20
1327,commuter,1,2025-01-31,
1328,occasional,3,2025-02-28,
1329,weekender,2,2026-01-06,
1330,student,2,2026-02-15,
1331,occasional,3,2026-05-18,
1332,occasional,3,2025-02-24,2026-02-05
1333,occasional,2,2025-01-28,
1334,occasional,3,2025-01-12,
1335,student,2,2025-05-26,
1336,weekender,3,2025-05-25,2025-08-16
1337,weekender,3,2025-08-10,
1338,weekender,3,2026-02-24,
1339,commuter,1,2025-09-17,
1340,student,2,2026-05-17,2026-05-17
1341,student,2,2026-04-19,2026-04-19
1342,commuter,1,2026-04-04,2026-04-04
1343,student,2,2025-01-12,
1344,weekender,1,2025-06-25,
1345,occasional,3,2026-04-28,
1346,weekender,3,2025-09-21,2026-01-28
1347,weekender,2,2025-10-20,2026-01-08
1348,commuter,1,2025-05-23,2025-08-07
1349,student,2,2025-04-25,2025-09-19
1350,student,2,2025-03-05,
1351,commuter,1,2025-11-07,2025-11-07
1352,student,2,2025-03-27,
1353,weekender,2,2026-05-17,2026-05-17
1354,student,2,2026-01-19,2026-01-19
1355,student,2,2025-12-05,
1356,occasional,3,2025-12-28,
1357,student,2,2026-01-22,
1358,student,2,2025-10-10,2025-10-10
1359,occasional,3,2025-10-28,
1360,occasional,1,2025-10-04,
1361,occasional,3,2025-08-09,
1362,weekender,3,2025-09-28,2025-10-24
1363,commuter,1,2025-04-30,2025-12-12
1364,occasional,2,2025-12-31,
1365,occasional,2,2025-03-28,
1366,occasional,2,2026-04-25,
1367,student,2,2025-12-13,2025-12-31
1368,commuter,1,2025-08-23,2025-11-27
1369,occasional,1,2026-01-07,
1370,student,2,2026-04-23,
1371,occasional,3,2025-07-19,
1372,occasional,3,2026-04-13,
1373,student,2,2025-07-08,
1374,occasional,3,2025-08-10,
1375,student,2,2026-04-05,2026-04-05
1376,occasional,3,2025-07-18,
1377,occasional,1,2025-02-24,
1378,occasional,3,2025-05-10,
1379,student,2,2025-01-12,
1380,commuter,1,2025-02-05,
1381,weekender,3,2025-06-13,2025-09-21
1382,occasional,1,2026-05-16,2026-05-16
1383,occasional,3,2026-04-01,
1384,student,2,2025-07-19,2025-10-05
1385,weekender,2,2025-10-18,2025-12-03
1386,occasional,2,2026-02-27,
1387,student,2,2026-03-06,
1388,occasional,3,2026-01-22,
1389,occasional,3,2025-11-19,
1390,occasional,1,2026-01-28,2026-01-28
1391,commuter,1,2025-05-05,
1392,occasional,3,2025-07-05,
1393,commuter,1,2026-05-22,2026-05-22
1394,student,2,2025-07-09,
1395,occasional,2,2025-08-31,
1396,occasional,3,2026-01-06,
1397,student,2,2025-09-16,2025-09-23
1398,occasional,2,2026-02-11,
1399,weekender,3,2026-05-21,
1400,occasional,2,2025-07-05,
1401,occasional,3,2026-04-19,
1402,occasional,3,2026-01-18,
1403,occasional,2,2025-01-24,
1404,commuter,1,2025-08-10,
1405,weekender,1,2026-01-29,
1406,commuter,1,2026-05-20,2026-05-20
1407,student,2,2025-03-06,
1408,student,2,2026-04-27,2026-04-27
1409,weekender,3,2025-05-30,2026-02-14
1410,student,2,2025-07-03,2025-12-06
1411,student,2,2026-01-06,
1412,occasional,3,2025-04-22,
1413,commuter,1,2025-10-11,
1414,weekender,3,2025-12-15,
1415,occasional,2,2026-03-20,
1416,student,2,2025-11-16,2025-11-16
1417,weekender,1,2025-06-11,
1418,student,2,2025-04-01,2025-10-28
1419,occasional,2,2025-06-05,
1420,commuter,1,2025-01-09,2025-12-09
1421,commuter,1,2025-04-08,
1422,weekender,2,2025-07-12,
1423,occasional,1,2026-05-09,
1424,occasional,3,2025-10-29,
1425,weekender,2,2026-05-08,
1426,occasional,3,2026-03-11,
1427,occasional,3,2025-11-04,
1428,occasional,3,2025-07-31,
1429,occasional,2,2026-03-08,
1430,occasional,3,2025-06-02,
1431,commuter,1,2025-06-05,2025-09-12
1432,occasional,2,2025-02-19,
1433,occasional,2,2025-09-17,
1434,commuter,1,2025-07-15,
1435,commuter,1,2026-01-11,2026-01-11
1436,commuter,1,2026-03-12,
1437,weekender,3,2026-05-06,
1438,commuter,1,2026-03-31,
1439,weekender,3,2025-05-05,
1440,commuter,1,2025-09-29,2025-09-29
1441,commuter,1,2025-01-07,2025-08-17
1442,commuter,1,2025-07-07,2025-08-31
1443,commuter,1,2026-05-10,
1444,occasional,2,2026-04-26,
1445,occasional,3,2025-04-30,
1446,occasional,3,2025-02-01,
1447,occasional,1,2025-12-14,
1448,weekender,1,2025-11-05,
1449,occasional,3,2025-12-14,
1450,occasional,1,2025-03-24,
1451,weekender,3,2025-04-29,
1452,occasional,3,2025-09-25,
1453,weekender,3,2025-05-27,2025-11-19
1454,student,2,2026-02-26,2026-02-26
1455,commuter,1,2026-01-02,2026-01-02
1456,occasional,3,2025-12-29,
1457,student,2,2026-01-03,
1458,occasional,1,2025-11-01,2025-11-01
1459,weekender,3,2025-05-01,
1460,commuter,1,2025-12-22,2025-12-22
1461,weekender,1,2026-04-09,
1462,commuter,1,2025-10-31,2025-10-31
1463,occasional,2,2025-12-19,
1464,student,2,2025-11-02,2025-11-02
1465,occasional,2,2026-01-24,
1466,commuter,1,2026-04-09,
1467,commuter,1,2026-04-08,
1468,commuter,1,2025-12-24,2025-12-24
1469,occasional,1,2026-01-30,2026-01-30
1470,student,2,2025-01-10,2025-09-28
1471,weekender,3,2025-10-03,2025-12-06
1472,student,2,2025-05-17,2025-11-17
1473,student,2,2025-03-20,
1474,commuter,1,2026-02-24,2026-02-24
1475,weekender,3,2025-07-16,2025-09-02
1476,weekender,3,2026-04-17,
1477,occasional,1,2025-11-10,
1478,occasional,1,2025-09-27,
1479,occasional,1,2025-11-20,
1480,commuter,1,2025-07-07,2026-02-13
1481,weekender,2,2026-05-30,
1482,commuter,1,2025-12-13,
1483,occasional,3,2026-05-11,
1484,student,2,2025-01-20,2025-08-25
1485,weekender,3,2025-12-09,
1486,student,2,2025-01-11,
1487,commuter,1,2025-08-09,2025-11-20
1488,occasional,2,2025-01-01,
1489,weekender,3,2025-07-05,2025-10-02
1490,weekender,1,2026-05-18,2026-05-18
1491,occasional,3,2025-04-30,2025-11-27
1492,weekender,3,2025-12-07,
1493,occasional,2,2026-03-17,2026-03-17
1494,occasional,3,2025-01-12,
1495,commuter,1,2026-01-19,2026-01-19
1496,weekender,3,2025-09-18,
1497,commuter,1,2025-03-10,2025-11-14
1498,student,2,2026-05-09,
1499,student,2,2025-06-03,2026-02-10
1500,occasional,3,2025-01-13,
1501,student,2,2025-05-28,2025-11-18
1502,weekender,1,2026-03-20,2026-03-20
1503,weekender,3,2026-04-08,2026-04-08
1504,occasional,1,2025-08-25,
1505,occasional,3,2025-03-21,
1506,commuter,1,2026-01-23,2026-02-06
1507,occasional,3,2025-09-26,2025-12-04
1508,commuter,1,2025-11-27,2026-01-17
1509,occasional,1,2025-10-20,
1510,commuter,1,2025-06-26,2025-11-01
1511,commuter,1,2026-03-03,2026-03-03
1512,occasional,2,2025-06-18,
1513,occasional,2,2025-09-21,
1514,weekender,1,2025-04-15,
1515,student,2,2026-04-06,
1516,student,2,2025-02-04,
1517,student,2,2025-11-05,2025-11-05
1518,student,2,2025-10-11,
1519,commuter,1,2025-06-15,
1520,student,2,2025-01-20,
1521,commuter,1,2025-08-07,
1522,commuter,1,2025-06-27,
1523,occasional,2,2025-11-16,
1524,occasional,3,2025-03-21,
1525,occasional,1,2026-04-25,
1526,occasional,3,2026-05-20,
1527,student,2,2025-09-16,
1528,occasional,3,2025-11-09,
1529,occasional,3,2025-04-15,
1530,occasional,1,2025-04-15,
1531,weekender,3,2026-03-27,
1532,occasional,1,2025-01-05,
1533,occasional,2,2026-05-16,
1534,student,2,2025-06-26,
1535,weekender,2,2025-06-27,
1536,student,2,2025-08-28,
1537,student,2,2025-07-17,
1538,weekender,2,2025-09-25,2025-09-25
1539,occasional,2,2026-04-27,
1540,commuter,1,2025-08-05,
1541,student,2,2025-11-04,2025-11-04
1542,student,2,2025-11-03,2025-11-03
1543,student,2,2025-04-14,2025-09-22
1544,occasional,3,2026-01-14,
1545,student,2,2025-12-12,
1546,weekender,2,2025-07-21,
1547,occasional,3,2026-04-05,
1548,occasional,2,2025-04-15,
1549,commuter,1,2025-07-25,
1550,student,2,2025-11-27,2025-11-27
1551,student,2,2026-03-29,
1552,student,2,2025-11-11,
1553,student,2,2025-07-07,
1554,occasional,1,2025-08-06,
1555,weekender,1,2025-04-15,2025-08-08
1556,commuter,1,2025-07-08,
1557,student,2,2025-03-14,
1558,student,2,2025-06-06,2025-09-23
1559,occasional,2,2025-06-03,2026-01-05
1560,commuter,1,2025-12-03,2025-12-03
1561,commuter,1,2026-01-07,
1562,occasional,1,2025-06-03,
1563,commuter,1,2025-10-02,
1564,occasional,1,2026-02-15,
1565,commuter,1,2025-10-19,2025-10-19
1566,occasional,1,2026-05-15,2026-05-15
1567,student,2,2025-02-17,
1568,commuter,1,2025-02-19,2025-08-31
1569,occasional,2,2025-05-01,2026-02-02
1570,commuter,1,2025-01-07,
1571,occasional,3,2025-09-28,
1572,occasional,1,2026-02-14,
1573,student,2,2025-01-25,2025-12-28
1574,weekender,3,2026-03-13,
1575,occasional,3,2025-09-07,
1576,student,2,2025-09-29,
1577,weekender,1,2025-06-27,
1578,commuter,1,2025-02-26,2025-10-12
1579,student,2,2026-03-14,2026-03-14
1580,student,2,2025-10-07,
1581,occasional,2,2026-01-01,
1582,occasional,3,2025-06-12,
1583,occasional,1,2026-02-19,
1584,occasional,2,2025-05-31,
1585,occasional,3,2025-09-09,
1586,commuter,1,2025-04-29,2025-12-16
1587,occasional,2,2026-01-14,
1588,student,2,2025-01-20,
1589,student,2,2026-05-30,2026-05-30
1590,occasional,1,2025-04-14,
1591,weekender,3,2025-08-24,
1592,weekender,1,2025-07-02,
1593,student,2,2026-05-10,2026-05-10
1594,occasional,3,2025-01-22,
1595,occasional,2,2026-04-12,
1596,occasional,3,2025-04-06,2025-11-20
1597,occasional,3,2025-03-28,
1598,commuter,1,2025-04-14,2026-01-09
1599,student,2,2026-04-11,2026-04-11
1600,weekender,3,2025-03-13,2025-08-22
1601,occasional,3,2026-02-22,
1602,commuter,1,2025-07-21,
1603,student,2,2025-09-10,2026-01-18
1604,occasional,3,2026-01-09,
1605,commuter,1,2026-02-16,2026-02-16
1606,occasional,2,2026-03-16,
1607,weekender,2,2026-02-20,2026-02-20
1608,occasional,3,2025-09-09,
1609,commuter,1,2025-01-09,
1610,occasional,3,2026-01-31,
1611,occasional,2,2026-05-29,
1612,occasional,3,2025-07-15,2026-02-12
1613,student,2,2025-01-16,
1614,occasional,3,2025-12-08,2025-12-30
1615,occasional,3,2025-03-03,
1616,occasional,2,2025-05-09,
1617,student,2,2026-04-24,
1618,occasional,1,2025-09-09,
1619,occasional,3,2026-01-31,
1620,occasional,1,2025-11-14,
1621,student,2,2025-05-22,
1622,occasional,3,2025-04-25,2025-09-14
1623,commuter,1,2025-04-29,2025-11-15
1624,student,2,2025-07-23,2025-08-03
1625,occasional,3,2025-03-11,2025-08-02
1626,occasional,3,2025-06-12,
1627,commuter,1,2026-02-01,2026-02-01
1628,weekender,3,2025-04-17,
1629,occasional,3,2025-12-04,
1630,occasional,1,2026-03-25,
1631,student,2,2025-08-21,2025-11-29
1632,student,2,2025-06-02,2026-01-20
1633,student,2,2025-04-28,
1634,student,2,2025-02-07,
1635,student,2,2025-12-15,2026-02-04
1636,student,2,2025-11-29,2025-11-29
1637,occasional,1,2026-04-22,
1638,weekender,2,2025-04-26,
1639,student,2,2025-11-14,
1640,occasional,1,2025-05-07,2025-11-23
1641,weekender,1,2026-03-21,2026-03-21
1642,commuter,1,2026-04-04,
1643,occasional,2,2025-03-03,
1644,commuter,1,2025-08-30,2025-08-30
1645,commuter,1,2025-08-04,
1646,occasional,3,2025-03-05,
1647,student,2,2026-05-19,2026-05-19
1648,occasional,3,2025-10-02,2025-12-11
1649,weekender,1,2025-04-26,
1650,occasional,2,2026-05-18,
1651,commuter,1,2025-12-04,
1652,occasional,3,2026-04-24,
1653,occasional,3,2025-04-06,
1654,occasional,1,2025-06-05,
1655,student,2,2025-03-28,
1656,student,2,2025-11-01,
1657,commuter,1,2026-02-21,
1658,occasional,1,2025-07-11,
1659,student,2,2025-01-06,2025-11-04
1660,student,2,2026-02-22,2026-02-22
1661,weekender,1,2025-05-30,2025-09-23
1662,occasional,3,2025-12-16,2026-01-23
1663,weekender,1,2025-01-01,
1664,commuter,1,2025-05-20,2026-02-05
1665,student,2,2025-07-26,
1666,occasional,3,2025-04-10,2026-01-31
1667,weekender,2,2026-05-29,2026-05-29
1668,student,2,2026-05-15,
1669,student,2,2025-10-24,2025-10-24
1670,weekender,3,2025-07-13,
1671,commuter,1,2025-08-27,2025-10-09
1672,occasional,1,2025-11-28,
1673,occasional,1,2026-01-28,
1674,commuter,1,2026-04-13,2026-04-13
1675,occasional,3,2026-02-24,
1676,student,2,2025-06-06,2026-01-26
1677,student,2,2025-05-21,
1678,weekender,2,2025-11-27,
1679,commuter,1,2025-06-01,
1680,student,2,2025-07-14,
1681,occasional,3,2026-03-25,
1682,weekender,1,2025-12-10,2025-12-10
1683,occasional,3,2025-08-22,
1684,student,2,2025-08-11,
1685,student,2,2025-04-12,2025-12-11
1686,weekender,3,2025-06-23,
1687,occasional,3,2025-02-02,2025-10-29
1688,occasional,3,2026-04-23,2026-04-23
1689,student,2,2026-04-09,2026-04-09
1690,student,2,2025-09-02,2025-10-25
1691,student,2,2025-06-03,
1692,weekender,3,2025-12-29,2025-12-29
1693,student,2,2026-01-28,2026-01-28
1694,commuter,1,2025-06-27,2025-08-26
1695,occasional,3,2026-03-07,
1696,student,2,2025-07-08,
1697,occasional,2,2025-03-22,
1698,weekender,3,2026-05-12,2026-05-12
1699,commuter,1,2025-09-06,2025-09-07
1700,occasional,1,2025-12-31,
1701,student,2,2026-03-11,2026-03-11
1702,weekender,2,2026-01-26,
1703,weekender,2,2025-06-01,
1704,commuter,1,2025-11-20,
1705,occasional,2,2026-05-24,
1706,student,2,2026-01-22,2026-01-22
1707,occasional,3,2026-03-25,
1708,student,2,2025-11-20,2026-01-29
1709,weekender,1,2025-03-13,
1710,occasional,3,2026-02-11,
1711,student,2,2026-02-07,
1712,weekender,3,2025-09-27,
1713,weekender,1,2026-04-02,
1714,commuter,1,2026-01-12,2026-01-12
1715,weekender,1,2026-01-25,2026-01-25
1716,occasional,3,2025-10-12,
1717,occasional,2,2025-12-20,
1718,weekender,3,2026-01-12,
1719,student,2,2025-07-10,
1720,commuter,1,2025-10-16,
1721,occasional,3,2025-09-24,
1722,occasional,1,2025-05-27,2025-08-28
1723,occasional,1,2025-10-21,
1724,weekender,3,2026-04-11,2026-04-11
1725,commuter,1,2025-06-14,2025-12-19
1726,weekender,3,2025-03-09,2025-09-14
1727,weekender,1,2025-04-11,2025-12-01
1728,commuter,1,2025-10-30,
1729,student,2,2025-05-30,
1730,occasional,2,2025-06-25,
1731,commuter,1,2026-05-23,2026-05-23
1732,student,2,2025-05-08,
1733,student,2,2026-01-04,
1734,occasional,3,2026-04-24,
1735,student,2,2026-02-07,2026-02-07
1736,occasional,3,2026-04-23,
1737,student,2,2025-05-19,
1738,weekender,2,2026-05-25,
1739,commuter,1,2026-05-30,2026-05-30
1740,weekender,3,2025-09-28,
1741,occasional,2,2026-02-10,
1742,occasional,1,2025-11-02,2026-01-04
1743,occasional,2,2025-02-26,
1744,occasional,3,2025-07-22,
1745,commuter,1,2025-06-21,2025-10-17
1746,occasional,1,2025-09-02,
1747,occasional,1,2025-11-24,2026-02-09
1748,occasional,3,2025-08-01,
1749,occasional,1,2025-03-08,
1750,commuter,1,2025-11-23,2025-12-16
1751,commuter,1,2025-06-08,2025-08-19
1752,occasional,3,2025-09-18,
1753,weekender,3,2025-03-23,
1754,occasional,3,2025-03-07,
1755,weekender,3,2025-01-24,2025-12-22
1756,weekender,3,2025-03-26,2025-11-13
1757,occasional,2,2026-03-22,2026-03-22
1758,weekender,3,2025-02-07,
1759,commuter,1,2026-04-08,2026-04-08
1760,weekender,3,2025-09-16,2026-02-03
1761,student,2,2025-03-31,2026-01-31
1762,occasional,2,2025-05-01,
1763,occasional,1,2025-10-25,
1764,commuter,1,2025-09-07,2026-01-10
1765,student,2,2026-05-06,
1766,occasional,2,2025-06-09,
1767,commuter,1,2026-04-18,2026-04-18
1768,commuter,1,2026-02-15,2026-02-15
1769,student,2,2025-09-06,
1770,occasional,3,2026-03-18,2026-03-18
1771,weekender,3,2026-05-28,
1772,commuter,1,2025-01-29,2025-11-15
1773,student,2,2026-04-18,2026-04-18
1774,commuter,1,2026-04-03,2026-04-03
1775,weekender,1,2025-11-25,2025-11-25
1776,student,2,2025-06-24,
1777,occasional,3,2026-03-14,
1778,occasional,3,2025-09-07,
1779,occasional,1,2026-03-14,
1780,student,2,2025-02-25,
1781,commuter,1,2026-04-27,2026-04-27
1782,student,2,2025-01-29,
1783,weekender,2,2025-11-22,2025-11-22
1784,student,2,2026-03-03,
1785,commuter,1,2025-10-03,
1786,occasional,2,2025-07-24,
1787,weekender,2,2025-08-20,2025-12-05
1788,occasional,3,2025-03-22,
1789,student,2,2025-06-03,
1790,student,2,2026-02-08,
1791,occasional,2,2026-01-14,
1792,weekender,1,2025-10-30,2025-10-30
1793,student,2,2025-03-28,
1794,occasional,2,2026-02-03,
1795,occasional,1,2025-10-12,
1796,occasional,1,2025-09-03,
1797,occasional,3,2025-10-03,
1798,weekender,1,2025-07-26,
1799,student,2,2025-01-03,2025-08-27
1800,occasional,3,2026-02-12,
1801,occasional,3,2025-02-27,
1802,commuter,1,2025-10-15,2025-10-15
1803,occasional,3,2025-05-15,
1804,occasional,3,2025-10-24,
1805,student,2,2026-04-03,2026-04-03
1806,weekender,3,2025-06-04,
1807,weekender,3,2025-01-08,
1808,weekender,2,2025-09-13,
1809,student,2,2025-11-03,2025-11-16
1810,commuter,1,2025-07-29,
1811,occasional,2,2025-06-26,
1812,occasional,2,2025-07-08,
1813,occasional,3,2025-07-31,
1814,occasional,1,2026-05-13,
1815,student,2,2025-08-30,2025-10-07
1816,occasional,2,2026-01-15,
1817,student,2,2026-03-15,2026-03-15
1818,occasional,1,2025-06-08,
1819,student,2,2025-08-30,2025-11-17
1820,weekender,2,2026-04-17,
1821,occasional,2,2025-03-19,
1822,student,2,2026-02-08,2026-02-08
1823,weekender,3,2025-08-13,2025-09-14
1824,student,2,2025-02-09,
1825,commuter,1,2026-02-22,2026-02-22
1826,weekender,1,2026-05-10,2026-05-10
1827,weekender,2,2025-10-16,
1828,student,2,2026-01-15,2026-01-15
1829,student,2,2025-05-16,2025-09-12
1830,commuter,1,2026-03-25,2026-03-25
1831,student,2,2025-03-30,
1832,occasional,1,2026-05-29,
1833,weekender,2,2025-07-13,2025-10-23
1834,student,2,2025-08-23,2025-10-22
1835,commuter,1,2025-05-09,2026-02-09
1836,weekender,1,2026-03-05,2026-03-05
1837,weekender,1,2025-06-27,
1838,weekender,1,2025-07-12,
1839,weekender,3,2025-07-05,
1840,student,2,2025-11-17,
1841,student,2,2025-04-23,2025-11-28
1842,student,2,2026-05-30,2026-05-30
1843,occasional,3,2025-11-11,
1844,commuter,1,2026-04-28,2026-04-28
1845,occasional,3,2026-02-23,
1846,occasional,3,2025-07-09,
1847,student,2,2025-11-11,2025-11-11
1848,commuter,1,2025-06-09,2025-12-17
1849,occasional,2,2025-05-11,
1850,occasional,3,2026-04-09,
1851,occasional,1,2026-03-15,
1852,commuter,1,2026-04-15,2026-04-15
1853,weekender,3,2026-04-28,2026-04-28
1854,student,2,2025-05-29,2026-01-24
1855,commuter,1,2026-05-18,
1856,occasional,3,2025-02-24,
1857,weekender,1,2026-03-24,
1858,occasional,3,2025-05-09,
1859,student,2,2025-01-13,2026-02-16
1860,weekender,1,2025-08-23,2025-08-23
1861,student,2,2025-01-18,
1862,weekender,3,2025-02-10,
1863,weekender,1,2026-04-17,2026-04-17
1864,commuter,1,2026-02-07,2026-02-07
1865,occasional,1,2026-04-09,
1866,occasional,3,2026-01-24,
1867,occasional,2,2025-04-07,
1868,weekender,3,2025-07-28,2025-12-11
1869,student,2,2026-04-11,2026-04-11
1870,occasional,2,2025-09-28,
1871,occasional,3,2025-08-04,
1872,occasional,3,2025-12-04,
1873,commuter,1,2026-01-27,2026-01-27
1874,occasional,3,2025-01-16,
1875,weekender,1,2025-10-19,
1876,commuter,1,2025-05-23,2025-08-15
1877,student,2,2026-01-08,
1878,occasional,3,2025-08-19,
1879,weekender,3,2025-03-08,2025-11-25
1880,occasional,2,2025-01-10,
1881,weekender,1,2025-03-08,2026-01-18
1882,commuter,1,2025-02-09,2025-09-13
1883,occasional,2,2025-09-23,
1884,student,2,2026-04-23,
1885,commuter,1,2025-06-06,2026-01-28
1886,occasional,3,2026-05-25,
1887,occasional,3,2025-11-15,
1888,student,2,2025-12-18,
1889,commuter,1,2025-05-26,
1890,occasional,2,2026-02-04,
1891,occasional,3,2025-10-17,2025-12-02
1892,commuter,1,2025-04-22,2025-11-18
1893,occasional,2,2026-04-07,
1894,student,2,2026-02-13,2026-02-15
1895,occasional,3,2026-02-08,
1896,occasional,3,2025-02-18,
1897,commuter,1,2025-03-03,2026-01-29
1898,weekender,2,2025-10-30,
1899,occasional,2,2026-02-12,
1900,occasional,3,2025-06-28,
1901,occasional,2,2025-11-13,2025-11-13
1902,occasional,3,2026-04-10,
1903,occasional,2,2025-02-26,
1904,commuter,1,2026-03-13,2026-03-13
1905,occasional,3,2025-04-27,
1906,occasional,1,2025-09-08,
1907,student,2,2025-09-27,
1908,weekender,2,2025-08-22,2025-12-11
1909,weekender,3,2025-10-16,
1910,commuter,1,2025-10-26,2025-10-26
1911,student,2,2026-05-22,2026-05-22
1912,commuter,1,2025-11-15,2025-11-25
1913,occasional,3,2025-05-14,
1914,occasional,1,2025-04-04,
1915,commuter,1,2025-06-04,2025-08-19
1916,occasional,2,2025-02-27,
1917,student,2,2026-04-27,
1918,commuter,1,2025-11-19,2025-12-19
1919,student,2,2026-03-12,2026-03-12
1920,weekender,2,2025-06-10,
1921,occasional,1,2026-03-05,
1922,weekender,1,2025-11-08,
1923,commuter,1,2026-01-04,2026-01-07
1924,student,2,2025-10-05,2025-10-05
1925,occasional,2,2026-02-09,
1926,weekender,3,2025-04-01,
1927,occasional,3,2025-10-09,
1928,commuter,1,2025-08-31,2025-08-31
1929,weekender,3,2025-02-26,
1930,student,2,2026-03-25,
1931,commuter,1,2026-05-10,2026-05-10
1932,student,2,2025-01-26,
1933,weekender,1,2025-09-21,
1934,weekender,2,2026-02-04,
1935,student,2,2025-04-24,2025-08-21
1936,weekender,1,2025-06-01,2025-12-29
1937,student,2,2025-03-08,
1938,weekender,1,2026-02-04,
1939,occasional,1,2025-11-05,
1940,occasional,1,2025-07-17,
1941,weekender,3,2026-05-16,2026-05-16
1942,commuter,1,2025-10-19,
1943,student,2,2025-04-30,2026-01-04
1944,occasional,1,2025-05-30,
1945,student,2,2025-05-06,2025-09-09
1946,occasional,2,2026-04-08,
1947,commuter,1,2025-11-25,2025-11-25
1948,commuter,1,2025-02-26,
1949,occasional,3,2025-01-18,2025-12-21
1950,occasional,3,2025-08-22,
1951,commuter,1,2025-11-16,2025-11-16
1952,occasional,3,2025-10-05,
1953,occasional,2,2025-01-30,
1954,weekender,2,2025-05-26,
1955,student,2,2026-03-21,2026-03-21
1956,student,2,2025-07-21,2026-01-02
1957,student,2,2026-01-24,
1958,occasional,3,2026-05-06,
1959,student,2,2026-02-03,2026-02-03
1960,occasional,3,2025-09-22,
1961,occasional,1,2026-05-15,
1962,occasional,1,2026-02-25,2026-02-25
1963,commuter,1,2025-03-17,2026-01-01
1964,student,2,2026-04-09,2026-04-09
1965,commuter,1,2026-05-08,2026-05-08
1966,weekender,2,2025-09-09,
1967,student,2,2025-01-15,
1968,student,2,2026-02-25,2026-02-25
1969,commuter,1,2025-06-01,
1970,occasional,1,2025-01-24,
1971,occasional,1,2025-02-16,
1972,weekender,3,2026-05-05,
1973,commuter,1,2025-04-23,2025-09-24
1974,occasional,3,2025-08-18,2025-10-11
1975,occasional,2,2026-04-11,
1976,occasional,3,2025-04-21,
1977,occasional,3,2025-12-02,2025-12-06
1978,occasional,2,2025-02-20,
1979,occasional,3,2026-05-09,
1980,commuter,1,2025-07-15,2025-08-12
1981,occasional,3,2026-01-15,
1982,student,2,2025-10-01,
1983,student,2,2026-04-12,
1984,occasional,1,2026-03-09,
1985,occasional,3,2025-12-30,
1986,student,2,2025-11-27,2026-02-08
1987,occasional,3,2025-09-24,
1988,commuter,1,2025-05-22,2025-08-19
1989,student,2,2025-09-28,
1990,commuter,1,2026-05-13,2026-05-13
1991,occasional,3,2025-12-27,
1992,commuter,1,2025-08-29,2025-10-19
1993,weekender,1,2025-09-14,2025-11-14
1994,weekender,2,2026-03-03,
1995,student,2,2026-05-27,2026-05-27
1996,occasional,3,2026-03-26,
1997,occasional,2,2025-10-23,
1998,student,2,2025-01-04,
1999,student,2,2025-10-26,2025-12-30
2000,occasional,3,2025-04-02,
2001,occasional,1,2026-05-28,
2002,occasional,3,2025-10-20,
2003,student,2,2025-02-08,2025-08-13
2004,occasional,3,2025-08-01,
2005,occasional,1,2026-05-21,
2006,occasional,3,2025-02-06,
2007,weekender,3,2025-03-18,
2008,occasional,2,2025-07-01,
2009,weekender,3,2025-09-18,
2010,occasional,2,2025-07-24,
2011,student,2,2025-05-01,2026-01-28
2012,occasional,3,2026-01-23,2026-01-23
2013,commuter,1,2025-06-29,2025-12-06
2014,student,2,2025-02-03,
2015,weekender,1,2025-06-27,2026-01-14
2016,commuter,1,2026-03-12,2026-03-12
2017,student,2,2025-04-16,
2018,occasional,3,2026-05-13,
2019,occasional,2,2026-05-21,2026-05-21
2020,occasional,1,2026-01-31,
2021,occasional,2,2025-01-13,
2022,student,2,2025-03-19,2026-02-11
2023,occasional,3,2025-02-04,
2024,commuter,1,2026-03-03,
2025,occasional,2,2025-01-01,
2026,commuter,1,2026-05-02,
2027,commuter,1,2025-03-13,2026-01-15
2028,occasional,3,2025-01-08,2025-10-11
2029,occasional,2,2025-05-29,
2030,student,2,2025-05-18,2026-02-04
2031,occasional,1,2025-10-23,
2032,student,2,2025-02-07,2025-11-27
2033,weekender,3,2025-11-21,
2034,occasional,3,2026-03-15,
2035,student,2,2026-05-28,
2036,student,2,2026-04-11,2026-04-11
2037,student,2,2026-03-04,2026-03-04
2038,occasional,1,2025-08-02,
2039,student,2,2026-03-22,2026-03-22
2040,occasional,2,2025-03-02,
2041,occasional,1,2026-02-23,2026-02-23
2042,student,2,2026-04-12,
2043,student,2,2025-07-25,2026-01-10
2044,commuter,1,2026-05-28,
2045,weekender,1,2025-06-29,2025-12-23
2046,weekender,3,2026-03-09,
2047,occasional,1,2025-08-22,2026-01-09
2048,weekender,2,2025-10-28,
2049,occasional,3,2026-04-08,2026-04-08
2050,occasional,2,2026-04-14,
2051,commuter,1,2025-11-14,
2052,weekender,1,2026-04-12,2026-04-12
2053,occasional,1,2026-05-03,
2054,weekender,3,2026-01-17,2026-01-17
2055,student,2,2025-11-23,
2056,commuter,1,2026-01-22,2026-01-22
2057,occasional,3,2025-12-01,2025-12-01
2058,commuter,1,2025-01-01,
2059,weekender,3,2026-01-13,
2060,occasional,2,2026-03-23,
2061,occasional,1,2025-02-10,
2062,commuter,1,2025-02-07,2025-12-03
2063,occasional,1,2025-05-12,
2064,occasional,2,2025-10-30,
2065,occasional,3,2026-05-24,
2066,student,2,2025-02-07,2025-09-01
2067,occasional,3,2025-06-09,
2068,occasional,1,2026-01-08,
2069,student,2,2025-08-26,
2070,student,2,2025-05-21,2026-01-09
2071,commuter,1,2025-07-04,
2072,commuter,1,2025-11-24,
2073,commuter,1,2026-01-18,2026-01-18
2074,commuter,1,2025-07-28,2025-11-05
2075,occasional,2,2025-12-22,
2076,occasional,3,2025-10-14,
2077,weekender,2,2025-06-18,2025-08-10
2078,weekender,3,2025-09-12,2026-01-14
2079,occasional,3,2025-12-09,
2080,student,2,2026-01-03,2026-01-03
2081,weekender,3,2025-01-14,
2082,commuter,1,2025-12-19,2025-12-19
2083,commuter,1,2025-07-13,2025-08-12
2084,commuter,1,2026-04-27,2026-04-27
2085,weekender,2,2025-03-31,2025-12-28
2086,weekender,1,2026-01-30,
2087,weekender,3,2026-04-19,
2088,occasional,3,2025-06-29,
2089,commuter,1,2025-12-05,2025-12-05
2090,weekender,1,2025-02-27,
2091,occasional,3,2026-01-12,
2092,occasional,3,2026-02-15,
2093,occasional,2,2026-04-28,
2094,weekender,1,2025-09-02,
2095,commuter,1,2026-01-09,2026-01-09
2096,occasional,3,2026-01-29,
2097,student,2,2026-01-09,
2098,commuter,1,2025-04-17,
2099,weekender,3,2025-12-09,
2100,commuter,1,2025-07-17,
2101,student,2,2025-09-27,
2102,weekender,2,2025-09-05,
2103,commuter,1,2026-05-25,2026-05-25
2104,occasional,3,2025-10-25,
2105,student,2,2025-01-28,
2106,weekender,3,2025-08-02,
2107,occasional,2,2026-03-10,
2108,weekender,1,2026-01-07,
2109,occasional,3,2025-10-19,
2110,occasional,1,2025-05-01,
2111,occasional,2,2026-03-27,
2112,weekender,1,2026-03-30,
2113,occasional,3,2025-01-27,
2114,commuter,1,2025-10-31,2025-11-04
2115,occasional,2,2026-05-15,
2116,student,2,2025-06-12,2025-09-13
2117,commuter,1,2025-06-02,2025-10-24
2118,student,2,2025-12-18,
2119,student,2,2025-02-14,
2120,occasional,3,2026-03-20,
2121,student,2,2025-06-16,
2122,student,2,2025-05-17,2025-12-10
2123,occasional,1,2025-07-07,
2124,occasional,3,2025-02-28,
2125,weekender,3,2025-03-30,2025-11-18
2126,occasional,1,2026-01-12,2026-01-12
2127,commuter,1,2025-02-20,
2128,occasional,2,2025-11-09,
2129,commuter,1,2025-08-30,2025-10-28
2130,commuter,1,2025-06-20,2025-11-24
2131,occasional,2,2026-03-01,
2132,occasional,2,2025-06-29,
2133,occasional,3,2025-04-14,
2134,weekender,3,2025-11-25,2025-11-25
2135,occasional,1,2025-05-24,
2136,weekender,1,2025-05-11,2025-12-26
2137,weekender,3,2026-04-02,2026-04-02
2138,commuter,1,2025-05-06,2025-11-05
2139,weekender,3,2025-09-19,2026-01-11
2140,commuter,1,2025-08-26,2025-12-02
2141,student,2,2025-04-07,
2142,student,2,2025-08-29,2026-01-26
2143,occasional,3,2026-03-20,2026-03-20
2144,occasional,3,2025-05-07,2025-08-17
2145,occasional,3,2025-04-13,
2146,occasional,3,2026-04-03,2026-04-03
2147,commuter,1,2025-09-05,2025-10-05
2148,occasional,1,2025-07-12,2026-01-27
2149,occasional,3,2025-12-10,2025-12-10
2150,student,2,2026-04-09,2026-04-09
2151,weekender,3,2025-06-18,2026-01-06
2152,commuter,1,2026-01-18,2026-01-18
2153,student,2,2026-04-17,2026-04-17
2154,student,2,2026-01-10,
2155,weekender,3,2025-01-22,
2156,commuter,1,2026-02-22,2026-02-22
2157,occasional,1,2025-10-06,
2158,occasional,1,2025-04-06,
2159,student,2,2025-02-24,
2160,occasional,3,2025-01-13,
2161,weekender,3,2025-10-16,
2162,student,2,2025-04-13,2025-12-16
2163,weekender,3,2025-10-22,
2164,commuter,1,2026-04-03,
2165,occasional,2,2025-04-18,
2166,occasional,1,2025-07-02,
2167,commuter,1,2025-10-17,2025-12-27
2168,commuter,1,2026-02-26,2026-02-26
2169,student,2,2025-08-21,
2170,commuter,1,2025-09-07,2025-09-07
2171,commuter,1,2025-10-04,2025-10-04
2172,occasional,2,2026-05-01,
2173,student,2,2025-12-06,2025-12-06
2174,occasional,3,2025-09-24,2026-02-16
2175,student,2,2026-01-01,2026-01-01
2176,weekender,3,2025-01-12,
2177,occasional,3,2026-05-16,
2178,occasional,2,2025-01-27,
2179,weekender,3,2025-11-08,2025-11-08
2180,student,2,2025-03-05,
2181,occasional,2,2025-10-04,2025-12-09
2182,student,2,2025-11-19,2025-11-19
2183,student,2,2026-03-26,2026-03-26
2184,commuter,1,2025-11-08,2025-11-08
2185,student,2,2026-05-23,2026-05-23
2186,weekender,3,2026-02-19,
2187,occasional,3,2025-10-21,
2188,occasional,2,2025-06-01,
2189,student,2,2026-02-26,2026-02-26
2190,occasional,3,2026-01-19,
2191,occasional,3,2025-03-20,
2192,occasional,1,2026-03-27,
2193,occasional,3,2025-07-16,
2194,weekender,2,2025-04-15,2025-09-10
2195,weekender,2,2026-03-17,
2196,occasional,1,2026-03-20,
2197,commuter,1,2025-06-17,
2198,occasional,2,2026-03-15,
2199,occasional,3,2025-10-30,
2200,occasional,1,2025-07-30,
2201,commuter,1,2025-12-19,
2202,occasional,3,2026-01-20,
2203,weekender,1,2025-01-03,
2204,commuter,1,2026-04-26,2026-04-26
2205,occasional,3,2025-05-13,
2206,weekender,1,2026-05-24,
2207,weekender,3,2026-02-17,2026-02-17
2208,student,2,2025-10-05,
2209,student,2,2025-07-31,2025-11-01
2210,occasional,3,2025-07-22,
2211,occasional,1,2026-03-26,
2212,commuter,1,2026-01-21,
2213,weekender,3,2025-09-16,
2214,commuter,1,2026-02-22,2026-02-22
2215,commuter,1,2025-11-23,2025-11-23
2216,commuter,1,2026-02-04,2026-02-04
2217,occasional,3,2025-05-19,
2218,occasional,1,2025-10-13,
2219,weekender,3,2025-07-28,2025-09-12
2220,commuter,1,2025-12-12,
2221,commuter,1,2026-04-22,
2222,commuter,1,2026-05-03,
2223,occasional,2,2025-10-27,
2224,student,2,2025-05-12,2025-12-27
2225,commuter,1,2026-02-28,2026-02-28
2226,occasional,1,2025-01-29,2025-10-03
2227,occasional,2,2025-04-25,
2228,weekender,1,2025-10-12,
2229,student,2,2026-03-07,
2230,student,2,2025-11-17,2025-11-17
2231,weekender,1,2025-09-30,
2232,student,2,2025-08-13,
2233,student,2,2025-01-28,
2234,occasional,2,2025-05-14,
2235,commuter,1,2025-11-17,2025-11-17
2236,student,2,2025-02-20,
2237,commuter,1,2025-05-13,
2238,commuter,1,2025-06-29,2025-10-15
2239,commuter,1,2025-05-17,2025-11-22
2240,occasional,1,2026-02-26,
2241,occasional,1,2025-09-06,
2242,occasional,3,2025-04-08,
2243,student,2,2025-01-28,
2244,occasional,3,2025-06-01,
2245,occasional,1,2026-05-07,
2246,student,2,2025-06-15,2026-01-25
2247,weekender,3,2025-06-17,2025-09-11
2248,occasional,1,2025-01-02,
2249,commuter,1,2025-04-14,2025-11-26
2250,occasional,3,2025-06-26,
2251,occasional,1,2025-04-30,
2252,student,2,2026-04-27,
2253,occasional,2,2026-05-19,2026-05-19
2254,weekender,1,2025-01-23,
2255,commuter,1,2025-05-21,
2256,weekender,2,2026-04-17,
2257,commuter,1,2025-11-17,2025-12-25
2258,weekender,3,2025-10-05,2026-02-11
2259,student,2,2025-11-14,2025-11-14
2260,commuter,1,2025-05-18,
2261,commuter,1,2025-04-29,2025-09-12
2262,commuter,1,2025-09-17,2025-11-25
2263,occasional,2,2025-04-19,2026-01-09
2264,occasional,3,2025-09-18,
2265,student,2,2025-07-11,2026-02-13
2266,weekender,3,2025-12-19,
2267,occasional,1,2025-03-19,2025-10-27
2268,student,2,2025-10-26,2026-02-09
2269,occasional,2,2025-08-27,
2270,occasional,1,2025-07-29,
2271,weekender,3,2025-03-14,
2272,occasional,3,2026-02-16,
2273,commuter,1,2025-09-27,2025-09-27
2274,commuter,1,2026-01-04,2026-01-04
2275,occasional,3,2025-12-10,
2276,weekender,1,2026-04-02,
2277,student,2,2025-11-25,2025-11-25
2278,occasional,1,2025-11-01,
2279,occasional,3,2025-12-02,2025-12-02
2280,occasional,1,2026-05-21,
2281,commuter,1,2025-04-21,2025-11-14
2282,weekender,3,2025-09-24,2026-02-09
2283,occasional,3,2026-02-01,
2284,weekender,2,2025-07-21,
2285,occasional,2,2025-04-03,2025-12-07
2286,occasional,2,2025-01-07,
2287,occasional,3,2025-11-20,
2288,student,2,2025-10-01,2026-01-14
2289,occasional,3,2025-08-26,
2290,occasional,3,2025-01-19,2025-11-11
2291,weekender,2,2026-02-25,
2292,student,2,2025-09-08,2026-01-03
2293,occasional,3,2025-06-27,2026-02-15
2294,student,2,2026-02-27,
2295,student,2,2025-05-30,2026-01-18
2296,student,2,2025-08-02,
2297,occasional,1,2026-01-11,
2298,occasional,1,2025-10-10,
2299,occasional,3,2026-05-22,
2300,commuter,1,2025-11-29,2026-02-07
2301,student,2,2025-11-15,2025-11-15
2302,occasional,1,2025-02-28,
2303,weekender,1,2025-09-03,
2304,occasional,2,2025-01-13,
2305,student,2,2025-08-08,
2306,student,2,2025-05-17,2025-11-18
2307,occasional,1,2026-02-09,2026-02-09
2308,student,2,2025-02-23,2025-08-24
2309,student,2,2025-06-16,2025-12-15
2310,weekender,3,2025-02-25,
2311,occasional,3,2025-12-23,
2312,weekender,3,2025-11-09,
2313,weekender,2,2025-02-18,2025-09-03
2314,weekender,3,2026-05-26,2026-05-26
2315,occasional,1,2026-01-15,
2316,occasional,3,2025-07-01,2025-12-27
2317,weekender,3,2026-01-21,2026-01-21
2318,weekender,1,2026-03-22,
2319,commuter,1,2025-10-20,2025-10-20
2320,occasional,3,2025-01-04,2025-11-03
2321,occasional,2,2026-05-05,2026-05-05
2322,commuter,1,2025-01-22,2025-12-31
2323,commuter,1,2025-11-21,2025-12-30
2324,commuter,1,2025-10-02,
2325,weekender,2,2025-06-27,
2326,weekender,3,2025-03-29,
2327,commuter,1,2025-07-24,
2328,occasional,3,2025-10-23,
2329,commuter,1,2026-01-31,2026-01-31
2330,commuter,1,2025-06-11,
2331,occasional,2,2025-09-16,
2332,occasional,1,2025-11-06,
2333,occasional,3,2025-03-18,2025-10-01
2334,occasional,2,2025-02-08,
2335,occasional,3,2025-05-06,
2336,occasional,3,2025-02-05,
2337,weekender,3,2025-06-11,2025-09-24
2338,commuter,1,2025-01-21,
2339,weekender,2,2025-06-08,2025-11-21
2340,student,2,2026-02-01,2026-02-01
2341,commuter,1,2025-08-06,2025-12-04
2342,occasional,2,2025-09-18,
2343,commuter,1,2025-09-17,
2344,occasional,3,2026-01-24,2026-01-24
2345,occasional,2,2025-05-29,
2346,weekender,2,2026-05-05,
2347,occasional,3,2025-04-17,
2348,commuter,1,2026-02-02,2026-02-02
2349,student,2,2025-12-26,2025-12-26
2350,commuter,1,2025-10-16,
2351,student,2,2025-09-29,
2352,commuter,1,2025-07-19,2025-12-15
2353,weekender,3,2026-02-07,2026-02-07
2354,occasional,2,2026-03-04,
2355,occasional,3,2025-09-02,
2356,occasional,3,2026-01-12,2026-01-12
2357,occasional,1,2025-10-07,
2358,occasional,1,2026-04-20,
2359,occasional,3,2025-08-31,
2360,weekender,1,2025-04-09,2025-11-29
2361,commuter,1,2026-02-10,
2362,occasional,2,2026-03-18,
2363,occasional,2,2025-10-13,
2364,occasional,1,2026-04-13,
2365,student,2,2025-10-17,
2366,occasional,1,2025-12-11,2026-01-08
2367,commuter,1,2026-02-02,
2368,commuter,1,2025-02-15,
2369,occasional,3,2025-03-26,
2370,student,2,2026-01-13,2026-01-13
2371,weekender,3,2026-02-14,2026-02-14
2372,student,2,2025-06-15,2025-08-15
2373,student,2,2026-05-10,
2374,occasional,3,2025-08-04,
2375,occasional,2,2025-10-25,
2376,student,2,2026-02-23,2026-02-23
2377,student,2,2025-09-27,
2378,occasional,3,2025-03-30,
2379,weekender,3,2026-04-04,
2380,occasional,3,2025-09-03,
2381,occasional,1,2025-01-31,
2382,occasional,3,2026-05-09,
2383,weekender,3,2025-11-22,
2384,occasional,3,2026-01-26,
2385,student,2,2025-03-16,2026-01-24
2386,occasional,3,2025-05-13,
2387,student,2,2025-01-15,
2388,weekender,3,2025-11-11,
2389,occasional,2,2025-10-15,
2390,student,2,2025-02-21,2025-11-10
2391,occasional,3,2025-01-25,2025-08-20
2392,weekender,2,2025-01-09,
2393,occasional,3,2026-01-21,
2394,student,2,2025-02-02,2025-09-03
2395,occasional,3,2026-01-28,
2396,commuter,1,2025-07-22,
2397,commuter,1,2025-07-11,
2398,weekender,3,2025-05-10,
2399,occasional,3,2025-12-18,
2400,weekender,1,2025-11-07,2025-11-07
2401,weekender,2,2025-02-17,
2402,occasional,1,2026-03-19,
2403,student,2,2025-04-04,2025-11-18
2404,occasional,3,2025-12-02,
2405,occasional,3,2025-05-11,
2406,occasional,3,2025-09-25,
2407,student,2,2026-05-10,2026-05-10
2408,occasional,1,2026-05-19,
2409,occasional,2,2025-10-12,
2410,student,2,2025-03-06,2025-11-16
2411,weekender,3,2026-04-07,
2412,occasional,1,2025-11-06,
2413,weekender,2,2025-01-19,
2414,student,2,2025-12-13,
2415,occasional,2,2026-01-21,
2416,occasional,3,2026-05-12,
2417,weekender,1,2026-01-26,2026-01-26
2418,weekender,1,2026-01-22,
2419,occasional,3,2025-10-05,
2420,student,2,2025-09-04,2025-09-24
2421,occasional,2,2025-11-06,
2422,commuter,1,2025-06-07,
2423,student,2,2026-01-05,2026-01-05
2424,occasional,1,2025-12-07,2025-12-07
2425,commuter,1,2025-04-16,
2426,occasional,2,2025-06-20,
2427,occasional,2,2026-01-28,
2428,occasional,3,2025-12-16,2026-02-01
2429,commuter,1,2025-01-16,2025-12-22
2430,occasional,3,2025-06-21,
2431,student,2,2025-08-13,2025-11-11
2432,commuter,1,2025-08-17,2026-02-12
2433,commuter,1,2026-02-26,
2434,weekender,3,2026-03-06,2026-03-06
2435,occasional,3,2025-11-27,
2436,occasional,2,2025-07-30,
2437,occasional,2,2025-05-27,
2438,student,2,2025-03-22,
2439,commuter,1,2025-03-30,2025-11-02
2440,student,2,2025-08-17,2026-01-04
2441,student,2,2025-01-17,2026-02-11
2442,occasional,1,2025-11-08,
2443,occasional,3,2025-05-02,
2444,weekender,1,2025-04-08,
2445,student,2,2025-09-03,2026-01-25
2446,weekender,3,2025-06-25,2026-01-19
2447,occasional,3,2025-08-20,
2448,commuter,1,2025-08-26,2025-10-09
2449,weekender,1,2026-05-09,2026-05-09
2450,student,2,2025-02-02,2025-12-03
2451,occasional,1,2025-07-14,
2452,weekender,2,2026-02-04,2026-02-04
2453,weekender,2,2025-10-31,2025-10-31
2454,weekender,3,2025-03-05,
2455,student,2,2026-03-25,
2456,occasional,1,2025-06-21,
2457,commuter,1,2025-12-03,2026-01-22
2458,student,2,2026-03-08,2026-03-08
2459,student,2,2025-09-25,
2460,student,2,2025-03-13,2025-10-30
2461,occasional,2,2025-06-08,
2462,commuter,1,2025-08-05,2025-09-13
2463,occasional,1,2025-12-05,2026-01-07
2464,occasional,1,2025-01-05,
2465,student,2,2025-06-09,2026-01-25
2466,student,2,2026-04-02,2026-04-02
2467,weekender,2,2025-09-09,2025-12-07
2468,student,2,2026-04-09,2026-04-09
2469,student,2,2026-05-30,
2470,occasional,3,2026-01-12,
2471,student,2,2025-11-22,2025-11-22
2472,occasional,3,2025-03-16,
2473,student,2,2025-10-14,2026-02-16
2474,occasional,3,2026-02-16,
2475,occasional,3,2025-10-22,
2476,occasional,3,2025-05-20,
2477,student,2,2026-04-29,
2478,occasional,3,2026-05-28,
2479,occasional,2,2025-11-22,
2480,student,2,2025-09-06,
2481,weekender,3,2025-06-15,
2482,commuter,1,2025-06-28,2025-12-01
2483,weekender,3,2026-02-28,
2484,weekender,1,2026-04-30,2026-04-30
2485,student,2,2025-07-12,2025-11-15
2486,student,2,2026-02-26,
2487,commuter,1,2025-06-30,2025-11-18
2488,commuter,1,2025-03-10,2025-11-20
2489,commuter,1,2025-06-02,2025-11-24
2490,commuter,1,2025-01-04,2026-02-09
2491,occasional,3,2025-08-08,
2492,commuter,1,2025-10-13,2025-10-13
2493,student,2,2025-03-04,2025-12-25
2494,occasional,3,2025-08-31,
2495,weekender,2,2025-08-29,
2496,occasional,1,2025-01-06,
2497,student,2,2026-02-16,
2498,occasional,1,2025-01-06,
2499,weekender,2,2026-02-21,
2500,occasional,2,2025-05-03,
2501,student,2,2026-05-24,2026-05-24
2502,student,2,2026-02-21,
2503,student,2,2025-04-10,
2504,student,2,2025-10-14,
2505,weekender,3,2025-11-27,2025-11-27
2506,weekender,1,2025-04-15,
2507,occasional,2,2026-04-06,
2508,student,2,2025-10-25,
2509,commuter,1,2026-05-14,2026-05-14
2510,occasional,1,2025-12-27,
2511,commuter,1,2025-08-22,2025-10-25
2512,occasional,1,2026-01-16,
2513,occasional,3,2025-04-11,
2514,weekender,1,2025-01-13,2025-11-08
2515,commuter,1,2025-04-11,2026-02-11
2516,weekender,2,2025-03-15,
2517,commuter,1,2025-09-04,2025-10-27
2518,occasional,3,2025-09-13,
2519,weekender,3,2025-04-27,2025-12-13
2520,occasional,1,2025-08-20,2025-08-31
2521,commuter,1,2025-08-10,2025-11-25
2522,weekender,1,2026-02-16,
2523,commuter,1,2025-07-11,
2524,weekender,2,2026-05-28,2026-05-28
2525,occasional,3,2026-02-15,2026-02-15
2526,weekender,3,2025-03-20,
2527,occasional,1,2025-01-07,
2528,commuter,1,2025-12-06,2025-12-17
2529,student,2,2025-06-24,2025-12-11
2530,commuter,1,2025-05-22,
2531,commuter,1,2026-01-17,2026-01-17
2532,commuter,1,2026-04-01,2026-04-01
2533,occasional,3,2025-01-31,
2534,weekender,1,2025-11-21,
2535,weekender,1,2025-07-06,
2536,occasional,2,2025-04-23,
2537,student,2,2026-04-02,2026-04-02
2538,occasional,3,2025-06-25,
2539,weekender,1,2025-10-30,2026-01-29
2540,occasional,1,2026-01-20,
2541,occasional,2,2025-08-22,
2542,occasional,1,2025-10-18,
2543,weekender,3,2025-07-27,
2544,occasional,2,2026-03-23,
2545,occasional,3,2026-03-23,
2546,occasional,2,2025-07-14,
2547,commuter,1,2025-04-06,
2548,student,2,2025-01-25,2025-08-15
2549,occasional,3,2025-07-14,
2550,commuter,1,2026-02-05,2026-02-05
2551,weekender,3,2025-06-03,
2552,weekender,3,2026-02-14,2026-02-14
2553,student,2,2026-02-17,
2554,student,2,2026-01-09,2026-01-09
2555,occasional,3,2026-05-14,2026-05-14
2556,commuter,1,2026-01-04,2026-01-04
2557,commuter,1,2026-01-22,2026-01-22
2558,occasional,3,2025-06-18,
2559,occasional,3,2025-09-26,
2560,weekender,1,2025-01-06,
2561,occasional,1,2025-11-02,
2562,student,2,2025-04-07,2025-11-11
2563,occasional,2,2025-12-14,
2564,weekender,3,2025-04-16,2025-10-03
2565,student,2,2025-10-28,2025-10-28
2566,student,2,2025-11-19,2026-01-27
2567,weekender,1,2026-01-20,
2568,commuter,1,2025-04-09,2025-12-11
2569,occasional,3,2026-04-30,
2570,occasional,3,2026-01-28,
2571,occasional,1,2025-06-16,2025-08-15
2572,weekender,3,2025-04-22,
2573,student,2,2026-01-08,2026-01-08
2574,commuter,1,2025-07-12,
2575,weekender,3,2025-05-31,2026-02-11
2576,student,2,2025-12-02,
2577,student,2,2025-02-21,2025-12-06
2578,occasional,3,2026-04-15,
2579,commuter,1,2025-01-01,2025-12-10
2580,occasional,3,2026-01-13,
2581,occasional,1,2025-09-14,
2582,commuter,1,2025-07-08,
2583,weekender,2,2025-06-11,
2584,occasional,2,2025-02-28,
2585,weekender,3,2025-11-09,
2586,student,2,2025-11-04,2025-11-04
2587,commuter,1,2025-06-20,
2588,occasional,3,2025-10-21,
2589,weekender,1,2026-03-01,
2590,student,2,2025-11-23,2025-11-23
2591,commuter,1,2026-03-16,
2592,student,2,2025-08-14,2025-10-07
2593,occasional,3,2026-04-08,
2594,student,2,2025-08-07,2026-01-10
2595,occasional,2,2025-03-23,
2596,occasional,1,2025-04-21,
2597,student,2,2025-08-23,2025-12-13
2598,weekender,1,2026-03-20,
2599,commuter,1,2025-05-26,2025-11-08
2600,student,2,2026-02-28,
2601,student,2,2025-01-26,2025-12-26
2602,occasional,3,2025-02-08,
2603,weekender,3,2026-02-27,
2604,occasional,1,2025-10-18,
2605,occasional,1,2026-01-07,
2606,weekender,2,2026-02-11,
2607,weekender,3,2026-04-01,
2608,weekender,3,2025-12-12,
2609,weekender,3,2025-06-06,2025-09-02
2610,weekender,3,2025-11-12,2026-01-31
2611,student,2,2025-08-10,2025-09-24
2612,commuter,1,2026-02-25,2026-02-25
2613,occasional,3,2025-12-16,
2614,commuter,1,2025-11-27,
2615,commuter,1,2026-04-02,
2616,commuter,1,2025-07-16,
2617,student,2,2025-06-01,
2618,weekender,1,2025-08-22,
2619,student,2,2025-11-30,
2620,occasional,1,2025-06-13,
2621,student,2,2026-04-15,2026-04-15
2622,commuter,1,2026-01-23,
2623,weekender,2,2025-08-19,
2624,weekender,3,2025-06-29,
2625,weekender,3,2025-08-05,2025-09-04
2626,student,2,2025-02-24,
2627,weekender,2,2026-01-07,
2628,student,2,2025-05-25,
2629,student,2,2025-06-27,
2630,student,2,2025-06-19,2025-09-22
2631,occasional,3,2025-03-03,
2632,occasional,3,2025-02-20,
2633,weekender,3,2025-08-13,
2634,weekender,2,2025-11-08,2025-11-08
2635,student,2,2026-01-24,2026-01-24
2636,weekender,3,2025-10-30,
2637,occasional,3,2026-03-23,
2638,student,2,2025-02-07,2025-08-14
2639,weekender,3,2025-07-21,
2640,occasional,3,2025-02-28,
2641,occasional,3,2025-03-08,
2642,occasional,3,2026-02-22,
2643,weekender,1,2025-11-07,2025-11-30
2644,commuter,1,2025-09-08,2025-10-16
2645,weekender,2,2025-11-21,
2646,student,2,2025-03-06,
2647,commuter,1,2025-11-17,
2648,weekender,1,2025-07-31,
2649,weekender,3,2025-04-27,
2650,occasional,3,2026-03-07,
2651,occasional,3,2026-02-24,
2652,student,2,2025-01-03,
2653,occasional,2,2026-01-03,
2654,weekender,2,2025-03-20,
2655,weekender,3,2025-01-14,
2656,occasional,3,2026-01-06,
2657,weekender,3,2025-09-19,
2658,occasional,3,2025-07-27,
2659,occasional,2,2025-07-10,
2660,weekender,3,2026-03-10,
2661,occasional,1,2025-07-15,
2662,student,2,2025-04-08,
2663,student,2,2026-04-06,
2664,commuter,1,2026-02-11,
2665,occasional,2,2025-06-21,
2666,student,2,2025-05-05,
2667,student,2,2025-04-28,
2668,occasional,2,2025-12-17,
2669,student,2,2025-03-07,2025-12-13
2670,student,2,2025-12-28,
2671,student,2,2026-05-19,2026-05-19
2672,occasional,2,2025-11-12,
2673,weekender,3,2025-10-21,
2674,weekender,1,2025-08-23,
2675,student,2,2025-08-27,2026-02-13
2676,occasional,3,2025-03-28,2025-09-28
2677,student,2,2025-09-10,
2678,commuter,1,2026-02-08,
2679,weekender,3,2026-01-14,
2680,occasional,3,2025-03-12,
2681,student,2,2025-01-10,2025-12-20
2682,commuter,1,2025-12-16,2025-12-17
2683,commuter,1,2025-12-23,
2684,occasional,3,2026-03-31,
2685,weekender,3,2025-05-03,
2686,occasional,3,2026-02-22,
2687,occasional,3,2025-07-20,
2688,occasional,1,2025-09-10,
2689,occasional,3,2025-08-06,
2690,student,2,2026-04-30,
2691,commuter,1,2025-08-08,2025-08-30
2692,student,2,2025-07-25,2025-12-29
2693,commuter,1,2026-03-28,2026-03-28
2694,occasional,3,2025-11-30,
2695,occasional,3,2026-03-06,
2696,occasional,2,2025-06-19,
2697,weekender,1,2026-04-16,2026-04-16
2698,occasional,3,2025-11-14,
2699,weekender,2,2026-03-06,
2700,commuter,1,2026-04-27,2026-04-27
2701,occasional,3,2025-08-07,
2702,student,2,2026-01-11,2026-02-04
2703,commuter,1,2025-12-02,2025-12-02
2704,weekender,3,2025-11-08,
2705,commuter,1,2025-01-21,2025-09-13
2706,student,2,2025-06-27,
2707,occasional,2,2025-06-02,2026-01-06
2708,weekender,3,2025-05-15,2026-01-24
2709,student,2,2025-09-08,
2710,weekender,3,2026-04-15,2026-04-15
2711,student,2,2026-01-12,2026-01-21
2712,student,2,2025-05-08,2025-11-22
2713,occasional,3,2025-11-26,
2714,student,2,2025-08-14,
2715,occasional,3,2025-03-28,
2716,occasional,1,2025-02-10,
2717,occasional,1,2025-11-29,
2718,commuter,1,2025-04-27,2026-01-13
2719,commuter,1,2026-03-29,2026-03-29
2720,commuter,1,2025-07-29,2025-09-30
2721,weekender,1,2025-07-28,2025-08-06
2722,weekender,2,2025-10-25,2025-10-25
2723,occasional,2,2025-12-06,
2724,commuter,1,2025-09-09,2025-12-19
2725,weekender,2,2025-07-03,
2726,occasional,3,2026-02-15,
2727,occasional,3,2025-11-05,
2728,student,2,2025-05-21,
2729,student,2,2025-11-30,2025-11-30
2730,weekender,2,2026-04-29,2026-04-29
2731,commuter,1,2025-04-15,
2732,commuter,1,2025-12-09,2026-02-06
2733,occasional,3,2025-07-09,
2734,commuter,1,2025-02-10,
2735,occasional,2,2025-07-12,
2736,commuter,1,2025-09-22,2026-01-05
2737,commuter,1,2025-07-06,2025-11-08
2738,commuter,1,2025-07-08,2025-08-27
2739,student,2,2025-12-16,
2740,weekender,3,2025-11-12,2025-11-12
2741,weekender,1,2026-03-04,2026-03-04
2742,occasional,3,2025-10-26,
2743,occasional,3,2025-12-20,
2744,student,2,2026-03-18,2026-03-18
2745,weekender,2,2025-02-27,
2746,student,2,2025-05-07,2026-02-06
2747,occasional,2,2026-03-20,
2748,weekender,3,2025-10-09,
2749,occasional,3,2025-08-07,
2750,commuter,1,2025-08-14,2025-11-29
2751,occasional,2,2025-02-09,
2752,occasional,3,2025-08-14,
2753,occasional,3,2025-07-13,
2754,commuter,1,2025-04-08,2025-10-19
2755,student,2,2026-02-10,
2756,student,2,2025-12-25,
2757,weekender,3,2025-08-05,
2758,commuter,1,2025-02-03,
2759,student,2,2025-10-01,2025-10-01
2760,weekender,3,2026-03-04,
2761,occasional,2,2025-08-22,
2762,occasional,1,2026-04-20,
2763,occasional,3,2026-02-19,
2764,commuter,1,2025-11-11,
2765,weekender,1,2026-03-04,
2766,occasional,3,2025-06-06,2025-08-02
2767,student,2,2025-01-09,2025-08-20
2768,commuter,1,2026-01-22,2026-01-22
2769,student,2,2026-01-08,2026-01-08
2770,weekender,1,2025-12-08,
2771,occasional,1,2025-09-09,
2772,occasional,1,2025-02-16,
2773,commuter,1,2026-04-12,2026-04-12
2774,occasional,3,2025-09-10,
2775,student,2,2025-08-19,2025-10-05
2776,occasional,1,2025-10-25,2025-10-25
2777,occasional,3,2025-08-12,
2778,occasional,3,2025-12-15,
2779,weekender,3,2025-12-21,
2780,commuter,1,2025-05-09,2025-08-27
2781,occasional,3,2026-02-17,
2782,occasional,3,2025-04-20,
2783,occasional,1,2025-10-17,
2784,occasional,3,2025-07-15,
2785,student,2,2025-02-03,2025-11-29
2786,student,2,2025-05-18,2026-01-08
2787,occasional,3,2025-09-27,
2788,student,2,2026-04-05,2026-04-05
2789,weekender,3,2025-09-14,2025-09-14
2790,student,2,2025-03-15,
2791,student,2,2025-12-18,
2792,weekender,3,2025-05-21,2026-01-24
2793,occasional,3,2025-08-10,
2794,occasional,3,2025-01-08,2026-01-15
2795,commuter,1,2025-11-03,2025-11-03
2796,student,2,2026-03-23,
2797,occasional,3,2025-07-02,
2798,occasional,2,2025-10-11,
2799,student,2,2025-10-04,2025-11-25
2800,occasional,2,2025-02-08,2025-09-21
2801,occasional,1,2025-02-20,2025-09-22
2802,student,2,2025-07-25,2026-01-02
2803,weekender,3,2026-04-08,
2804,commuter,1,2025-05-21,2025-09-02
2805,commuter,1,2025-09-12,
2806,student,2,2025-06-18,2025-12-14
2807,weekender,1,2025-06-02,
2808,occasional,3,2025-05-26,
2809,occasional,2,2026-05-27,
2810,occasional,2,2025-07-13,
2811,commuter,1,2025-10-12,2025-10-12
2812,occasional,3,2025-04-11,
2813,commuter,1,2025-06-05,
2814,commuter,1,2026-01-26,2026-01-26
2815,student,2,2025-01-11,2026-02-04
2816,student,2,2025-10-06,
2817,occasional,2,2025-08-10,2025-11-13
2818,student,2,2026-05-28,2026-05-28
2819,student,2,2025-01-18,2025-12-09
2820,weekender,2,2025-03-18,
2821,occasional,3,2025-09-08,
2822,student,2,2025-01-07,2025-10-06
2823,occasional,3,2025-10-27,
2824,occasional,2,2025-12-22,
2825,weekender,3,2025-07-01,
2826,occasional,2,2025-01-06,
2827,weekender,3,2025-11-12,
2828,occasional,2,2025-06-14,
2829,student,2,2026-01-30,2026-01-30
2830,weekender,2,2025-05-05,2025-12-13
2831,student,2,2026-05-02,2026-05-02
2832,student,2,2025-06-28,
2833,occasional,2,2026-03-07,
2834,weekender,3,2026-03-12,2026-03-12
2835,occasional,3,2025-09-19,
2836,student,2,2025-07-09,2025-10-26
2837,occasional,2,2025-09-23,
2838,student,2,2025-04-13,2025-09-18
2839,student,2,2025-06-09,
2840,occasional,3,2025-05-28,
2841,occasional,1,2025-12-20,
2842,weekender,2,2025-04-14,
2843,weekender,3,2026-02-07,2026-02-07
2844,student,2,2025-01-18,
2845,occasional,3,2026-02-27,
2846,student,2,2025-05-24,2025-09-11
2847,occasional,2,2025-06-04,
2848,occasional,1,2025-02-17,
2849,occasional,3,2026-02-19,
2850,student,2,2026-02-11,
2851,weekender,2,2025-04-09,
2852,student,2,2026-01-01,2026-01-01
2853,student,2,2025-03-10,
2854,commuter,1,2025-09-01,
2855,occasional,2,2025-11-16,
2856,student,2,2025-09-08,
2857,commuter,1,2026-02-22,2026-02-22
2858,occasional,2,2025-06-15,
2859,commuter,1,2025-04-15,
2860,occasional,3,2025-08-23,
2861,commuter,1,2025-10-01,
2862,weekender,1,2026-04-24,2026-04-24
2863,weekender,2,2026-02-20,2026-02-20
2864,occasional,3,2025-02-15,
2865,occasional,3,2025-11-26,2025-11-26
2866,student,2,2025-05-25,2025-11-19
2867,occasional,3,2026-01-05,2026-01-05
2868,commuter,1,2025-03-02,
2869,commuter,1,2026-05-18,
2870,student,2,2025-03-19,
2871,student,2,2025-03-26,
2872,student,2,2025-01-20,2025-08-09
2873,weekender,1,2026-03-06,
2874,occasional,2,2025-04-09,
2875,student,2,2026-04-25,
2876,student,2,2026-04-30,2026-04-30
2877,student,2,2026-03-27,2026-03-27
2878,occasional,2,2025-10-15,2025-11-09
2879,commuter,1,2026-05-27,2026-05-27
2880,commuter,1,2025-11-06,
2881,student,2,2025-04-09,2026-02-14
2882,occasional,3,2025-07-21,
2883,commuter,1,2025-04-13,2025-11-21
2884,weekender,2,2026-03-04,
2885,occasional,3,2025-02-16,
2886,student,2,2026-05-08,
2887,occasional,2,2025-12-02,
2888,occasional,1,2026-05-11,
2889,student,2,2025-03-29,
2890,student,2,2025-04-29,
2891,weekender,3,2025-10-04,2025-12-06
2892,student,2,2026-04-06,2026-04-06
2893,occasional,3,2025-08-29,
2894,occasional,2,2025-02-27,
2895,weekender,3,2026-02-25,2026-02-25
2896,occasional,2,2025-10-16,
2897,commuter,1,2026-05-22,
2898,occasional,1,2026-05-22,
2899,student,2,2025-04-08,2025-10-14
2900,weekender,1,2025-04-20,2026-02-12
2901,occasional,2,2025-01-25,
2902,student,2,2025-01-12,
2903,occasional,2,2025-06-23,
2904,commuter,1,2025-02-15,
2905,occasional,1,2025-10-16,
2906,commuter,1,2025-10-29,2025-11-03
2907,commuter,1,2026-02-26,2026-02-26
2908,commuter,1,2026-03-12,2026-03-12
2909,occasional,2,2025-09-08,
2910,student,2,2026-04-11,
2911,commuter,1,2025-03-12,2025-08-26
2912,occasional,3,2025-03-21,
2913,occasional,3,2026-04-13,
2914,commuter,1,2025-11-03,2025-11-03
2915,weekender,2,2025-01-17,
2916,weekender,3,2026-03-19,2026-03-19
2917,occasional,3,2025-02-20,
2918,occasional,2,2025-07-06,
2919,weekender,2,2025-07-16,2026-01-05
2920,weekender,3,2025-08-23,
2921,weekender,3,2025-07-10,
2922,student,2,2025-07-11,2025-11-10
2923,occasional,1,2025-01-19,
2924,occasional,3,2025-01-20,
2925,commuter,1,2025-08-07,2025-12-21
2926,occasional,3,2025-04-15,
2927,occasional,1,2025-12-27,
2928,weekender,3,2025-09-25,
2929,student,2,2025-02-23,2025-11-26
2930,student,2,2026-04-15,2026-04-15
2931,occasional,3,2026-05-03,
2932,student,2,2025-04-26,2025-10-07
2933,occasional,3,2025-09-03,
2934,student,2,2025-09-19,2025-09-19
2935,student,2,2025-04-18,2026-01-12
2936,occasional,3,2025-12-30,
2937,occasional,3,2025-07-30,
2938,student,2,2025-05-07,
2939,student,2,2025-12-01,
2940,occasional,3,2025-12-10,
2941,occasional,3,2025-09-01,
2942,occasional,3,2025-06-10,
2943,occasional,3,2025-01-27,
2944,weekender,1,2026-01-05,
2945,weekender,3,2025-06-21,
2946,student,2,2025-03-05,
2947,student,2,2026-01-17,2026-02-16
2948,student,2,2025-12-16,2025-12-16
2949,occasional,1,2026-04-09,
2950,occasional,3,2025-03-30,
2951,occasional,3,2025-03-24,
2952,student,2,2026-03-11,2026-03-11
2953,occasional,3,2025-09-04,
2954,commuter,1,2025-12-28,2026-02-05
2955,occasional,2,2025-01-22,
2956,student,2,2026-01-04,
2957,weekender,1,2026-02-22,
2958,commuter,1,2025-05-18,2025-11-10
2959,weekender,1,2026-01-20,
2960,occasional,2,2026-05-24,
2961,occasional,2,2025-08-01,2025-09-29
2962,student,2,2025-01-14,
2963,commuter,1,2025-05-27,
2964,occasional,3,2025-01-14,
2965,occasional,3,2025-03-09,
2966,occasional,3,2025-07-31,
2967,occasional,2,2025-07-03,
2968,occasional,3,2025-03-27,
2969,occasional,3,2025-07-16,2025-12-07
2970,student,2,2025-02-18,
2971,occasional,1,2026-02-28,
2972,student,2,2025-03-06,2026-01-24
2973,weekender,3,2025-09-21,
2974,occasional,3,2025-05-10,
2975,occasional,3,2026-02-27,2026-02-27
2976,occasional,3,2025-02-16,
2977,weekender,1,2025-06-11,2026-01-07
2978,commuter,1,2026-01-12,2026-01-12
2979,occasional,2,2025-11-06,
2980,occasional,3,2025-12-13,
2981,commuter,1,2025-03-12,
2982,occasional,3,2026-01-13,
2983,student,2,2025-10-11,
2984,weekender,1,2025-06-14,2025-12-20
2985,weekender,3,2026-04-12,
2986,student,2,2026-02-26,
2987,weekender,3,2025-11-10,2026-01-10
2988,student,2,2026-05-16,
2989,occasional,2,2026-04-21,
2990,commuter,1,2025-03-20,2025-09-17
2991,student,2,2026-03-04,
2992,commuter,1,2025-08-31,2025-10-20
2993,occasional,3,2025-11-06,
2994,occasional,3,2026-03-09,
2995,weekender,3,2025-02-13,
2996,occasional,3,2025-09-20,
2997,occasional,2,2025-10-17,
2998,occasional,1,2025-09-01,
2999,weekender,3,2026-01-21,
3000,occasional,2,2025-01-28,
3001,commuter,1,2025-02-15,2025-09-26
3002,weekender,3,2026-05-12,2026-05-12
3003,student,2,2025-06-21,2025-09-21
3004,student,2,2026-02-12,
3005,weekender,1,2025-03-02,
3006,commuter,1,2026-03-08,2026-03-08
3007,occasional,2,2026-01-22,
3008,student,2,2026-01-18,
3009,commuter,1,2025-05-25,2025-10-14
3010,student,2,2025-07-08,
3011,student,2,2025-11-15,2025-11-15
3012,weekender,3,2025-02-07,
3013,commuter,1,2025-07-16,2025-08-15
3014,student,2,2025-12-30,2025-12-30
3015,weekender,3,2025-03-24,2025-12-16
3016,student,2,2026-04-09,2026-04-09
3017,student,2,2025-01-06,
3018,occasional,3,2025-01-22,2025-09-20
3019,occasional,1,2026-03-25,
3020,weekender,3,2025-05-04,
3021,weekender,3,2025-05-11,
3022,weekender,3,2025-10-18,
3023,student,2,2025-11-17,2026-01-19
3024,occasional,3,2026-03-15,
3025,commuter,1,2025-11-13,
3026,occasional,3,2026-04-20,
3027,student,2,2025-07-13,
3028,occasional,2,2026-05-10,
3029,occasional,3,2025-09-16,
3030,occasional,1,2025-10-08,
3031,occasional,2,2025-01-03,
3032,occasional,1,2025-02-16,
3033,student,2,2026-05-22,
3034,commuter,1,2025-08-29,2025-12-12
3035,occasional,3,2025-03-01,
3036,occasional,1,2025-02-18,
3037,occasional,3,2025-04-25,
3038,commuter,1,2026-03-24,2026-03-24
3039,occasional,3,2026-05-07,
3040,occasional,3,2025-01-01,
3041,occasional,3,2026-01-31,
3042,occasional,3,2025-05-08,
3043,occasional,1,2025-01-06,
3044,occasional,3,2026-05-12,
3045,student,2,2025-08-29,
3046,commuter,1,2025-08-16,
3047,weekender,2,2025-02-21,2025-09-20
3048,commuter,1,2025-12-04,2025-12-07
3049,occasional,1,2025-01-11,
3050,student,2,2025-03-10,2026-02-07
3051,commuter,1,2026-03-02,2026-03-02
3052,occasional,1,2025-11-18,
3053,weekender,1,2025-04-30,
3054,occasional,1,2025-09-18,
3055,weekender,3,2026-03-23,
3056,student,2,2026-03-29,
3057,student,2,2025-05-15,
3058,occasional,3,2025-03-31,
3059,student,2,2026-05-07,
3060,occasional,2,2025-11-03,
3061,occasional,2,2026-01-09,
3062,weekender,3,2026-03-13,
3063,occasional,3,2025-09-12,
3064,student,2,2025-06-01,2026-01-20
3065,weekender,3,2026-03-25,
3066,occasional,3,2025-01-08,
3067,student,2,2025-04-04,2025-12-16
3068,student,2,2025-09-24,2025-11-06
3069,occasional,2,2025-03-11,2025-08-10
3070,weekender,1,2025-04-15,2025-08-16
3071,commuter,1,2026-04-30,
3072,student,2,2025-11-26,
3073,student,2,2026-03-21,
3074,commuter,1,2025-07-23,2026-02-11
3075,occasional,2,2025-10-19,
3076,weekender,2,2026-04-26,2026-04-26
3077,weekender,3,2025-12-21,
3078,commuter,1,2025-04-12,2025-12-16
3079,student,2,2026-05-30,
3080,commuter,1,2025-06-08,
3081,commuter,1,2025-06-15,2025-12-29
3082,weekender,3,2025-09-11,
3083,occasional,1,2025-05-16,
3084,student,2,2026-05-20,
3085,weekender,2,2025-02-01,
3086,weekender,3,2025-05-31,
3087,occasional,3,2025-07-31,
3088,occasional,3,2025-08-06,
3089,commuter,1,2025-12-29,
3090,occasional,3,2026-03-28,2026-03-28
3091,occasional,1,2026-03-19,
3092,weekender,3,2025-12-09,
3093,student,2,2026-04-04,2026-04-04
3094,commuter,1,2025-11-30,
3095,weekender,3,2026-04-08,
3096,weekender,1,2025-02-07,
3097,student,2,2025-06-12,2025-08-29
3098,student,2,2026-01-08,2026-01-08
3099,commuter,1,2025-03-30,2026-02-03
3100,student,2,2025-11-03,2025-11-27
3101,weekender,2,2026-04-16,2026-04-16
3102,occasional,3,2025-05-09,
3103,occasional,3,2025-09-12,
3104,student,2,2025-05-27,2025-12-16
3105,occasional,1,2026-01-21,
3106,weekender,1,2025-06-10,2025-09-02
3107,student,2,2025-01-17,
3108,weekender,1,2025-05-31,
3109,student,2,2025-10-15,2025-12-02
3110,student,2,2025-03-25,
3111,occasional,1,2025-10-30,
3112,weekender,3,2025-08-08,
3113,occasional,3,2025-07-08,
3114,occasional,3,2025-10-11,2025-12-09
3115,occasional,1,2025-03-02,
3116,weekender,3,2025-12-11,2025-12-11
3117,weekender,2,2025-01-19,
3118,occasional,2,2025-07-07,
3119,occasional,3,2026-02-24,2026-02-24
3120,student,2,2025-06-21,
3121,student,2,2025-06-13,2025-09-09
3122,occasional,3,2026-05-09,
3123,weekender,1,2026-01-30,2026-01-30
3124,commuter,1,2026-03-18,2026-03-18
3125,occasional,2,2025-06-10,
3126,weekender,2,2026-03-27,
3127,student,2,2025-10-01,
3128,occasional,2,2025-04-20,
3129,occasional,3,2025-03-22,2026-02-04
3130,student,2,2025-06-29,
3131,occasional,2,2025-03-26,
3132,student,2,2025-07-11,2025-09-16
3133,occasional,3,2025-06-13,
3134,weekender,1,2025-07-15,
3135,student,2,2025-06-07,
3136,commuter,1,2025-02-16,2026-02-05
3137,student,2,2025-03-19,2025-09-29
3138,commuter,1,2025-09-06,
3139,student,2,2026-01-04,2026-02-01
3140,weekender,1,2025-10-28,
3141,occasional,3,2026-03-16,
3142,student,2,2025-10-04,2025-10-04
3143,weekender,3,2026-03-20,
3144,weekender,3,2025-10-10,
3145,occasional,2,2026-01-16,
3146,weekender,2,2025-02-15,
3147,weekender,3,2026-02-23,2026-02-23
3148,occasional,1,2025-12-05,
3149,student,2,2025-10-23,
3150,occasional,3,2025-05-13,
3151,occasional,3,2025-05-31,
3152,student,2,2026-03-25,2026-03-25
3153,occasional,3,2025-07-06,2025-10-10
3154,commuter,1,2025-06-21,2026-01-26
3155,occasional,3,2025-09-03,
3156,occasional,2,2025-10-19,
3157,occasional,2,2026-02-19,2026-02-19
3158,weekender,3,2025-06-23,2025-08-14
3159,student,2,2025-08-07,
3160,occasional,3,2026-01-04,
3161,student,2,2025-03-14,2026-01-21
3162,student,2,2025-05-16,
3163,weekender,3,2025-04-03,
3164,occasional,2,2026-04-05,
3165,commuter,1,2025-02-27,2026-02-14
3166,student,2,2025-03-29,
3167,weekender,1,2026-04-26,
3168,student,2,2025-12-01,2025-12-01
3169,weekender,3,2025-12-06,2025-12-06
3170,occasional,2,2026-03-24,2026-03-24
3171,student,2,2025-10-11,
3172,student,2,2025-11-03,2025-11-03
3173,occasional,1,2025-08-03,
3174,weekender,3,2026-05-28,
3175,student,2,2025-12-23,
3176,occasional,3,2026-03-23,
3177,occasional,2,2026-05-23,
3178,student,2,2026-04-16,
3179,student,2,2025-01-27,2026-02-03
3180,weekender,1,2025-12-25,
3181,weekender,2,2026-03-30,
3182,commuter,1,2025-06-08,2026-02-06
3183,commuter,1,2025-05-20,2025-10-04
3184,student,2,2025-03-02,
3185,occasional,2,2025-06-29,
3186,occasional,1,2025-09-27,
3187,occasional,3,2025-04-01,
3188,occasional,1,2025-11-09,
3189,occasional,3,2025-02-03,
3190,occasional,3,2025-03-04,
3191,occasional,1,2025-03-27,
3192,student,2,2026-04-12,
3193,commuter,1,2025-03-04,2026-02-14
3194,occasional,2,2026-01-14,2026-02-07
3195,occasional,1,2025-12-19,2025-12-19
3196,student,2,2025-07-28,2025-08-23
3197,occasional,1,2026-03-21,2026-03-21
3198,student,2,2025-05-16,2025-12-10
3199,occasional,1,2025-02-05,
3200,commuter,1,2025-11-28,2025-11-28
3201,commuter,1,2025-11-22,
3202,occasional,3,2025-12-06,
3203,occasional,3,2025-04-27,
3204,occasional,3,2026-03-30,
3205,student,2,2025-04-25,2025-08-31
3206,occasional,2,2025-04-04,
3207,student,2,2025-04-25,2026-01-16
3208,commuter,1,2026-03-20,
3209,commuter,1,2026-05-02,
3210,commuter,1,2026-04-14,2026-04-14
3211,occasional,3,2025-07-01,
3212,occasional,3,2026-01-26,
3213,weekender,3,2026-03-02,
3214,student,2,2025-07-30,
3215,commuter,1,2026-05-13,
3216,occasional,2,2026-01-21,2026-01-21
3217,student,2,2025-04-04,2025-08-11
3218,occasional,2,2025-10-09,
3219,student,2,2026-02-23,
3220,occasional,3,2026-02-19,
3221,occasional,3,2025-12-25,
3222,weekender,3,2025-09-05,
3223,student,2,2025-05-24,
3224,weekender,2,2025-04-29,2026-01-17
3225,occasional,3,2025-09-18,
3226,commuter,1,2026-05-22,
3227,student,2,2025-01-31,2025-08-13
3228,occasional,3,2025-02-02,
3229,student,2,2025-06-23,
3230,occasional,2,2025-02-12,
3231,weekender,2,2025-10-21,
3232,occasional,1,2026-04-05,
3233,occasional,1,2026-03-18,
3234,commuter,1,2025-09-04,2025-09-04
3235,occasional,3,2025-02-15,
3236,occasional,1,2026-05-01,
3237,weekender,3,2025-04-09,
3238,commuter,1,2025-03-13,2025-08-01
3239,occasional,3,2025-05-12,
3240,weekender,2,2025-08-16,
3241,student,2,2025-10-25,2025-10-25
3242,commuter,1,2025-06-25,
3243,student,2,2025-05-16,2025-12-13
3244,commuter,1,2025-04-03,2025-08-24
3245,weekender,1,2026-03-26,
3246,commuter,1,2026-05-25,2026-05-25
3247,occasional,2,2025-05-25,
3248,occasional,1,2025-03-16,
3249,student,2,2026-01-18,2026-01-18
3250,occasional,3,2025-09-08,
3251,commuter,1,2026-04-03,2026-04-03
3252,commuter,1,2025-12-27,2025-12-27
3253,student,2,2026-04-16,2026-04-16
3254,student,2,2025-02-14,2025-09-03
3255,weekender,2,2025-03-06,
3256,weekender,2,2026-05-29,
3257,weekender,2,2025-03-14,2025-09-15
3258,weekender,1,2025-07-06,
3259,occasional,3,2025-06-15,2025-09-16
3260,occasional,3,2025-11-26,
3261,commuter,1,2026-04-09,
3262,occasional,2,2025-12-04,
3263,commuter,1,2025-03-14,2025-12-27
3264,weekender,1,2025-02-15,2025-11-08
3265,weekender,1,2025-02-07,2025-09-10
3266,commuter,1,2025-09-05,2026-02-02
3267,occasional,1,2025-02-08,
3268,student,2,2026-01-13,2026-01-13
3269,weekender,1,2026-04-06,
3270,occasional,2,2026-02-16,
3271,weekender,2,2026-04-09,2026-04-09
3272,occasional,1,2025-03-22,
3273,commuter,1,2025-05-16,
3274,commuter,1,2026-01-24,2026-01-24
3275,student,2,2025-02-11,2025-11-27
3276,occasional,3,2025-06-08,
3277,occasional,3,2025-08-31,
3278,student,2,2026-05-24,2026-05-24
3279,commuter,1,2025-09-10,2025-11-07
3280,weekender,3,2026-04-07,
3281,occasional,1,2025-02-25,2025-08-02
3282,student,2,2025-03-15,
3283,weekender,3,2025-04-12,
3284,occasional,2,2026-01-30,
3285,occasional,2,2025-05-06,
3286,occasional,2,2025-10-18,
3287,occasional,3,2026-03-03,
3288,weekender,2,2026-01-16,
3289,occasional,2,2025-02-25,
3290,commuter,1,2026-03-17,
3291,commuter,1,2025-01-20,
3292,weekender,3,2025-03-19,2026-02-09
3293,occasional,1,2025-11-07,
3294,occasional,3,2025-05-05,
3295,weekender,3,2025-04-15,
3296,weekender,1,2025-09-11,
3297,occasional,1,2025-12-15,2026-01-26
3298,occasional,1,2025-09-22,
3299,weekender,3,2025-02-09,
3300,student,2,2026-04-08,
3301,student,2,2026-03-22,
3302,student,2,2026-05-05,
3303,commuter,1,2025-02-11,
3304,commuter,1,2026-03-22,2026-03-22
3305,weekender,1,2026-03-22,
3306,weekender,1,2025-07-04,2025-10-23
3307,student,2,2026-05-27,
3308,weekender,1,2025-05-14,2025-09-30
3309,student,2,2025-05-30,2025-12-09
3310,occasional,3,2025-09-22,
3311,commuter,1,2026-02-11,2026-02-11
3312,student,2,2025-06-29,2025-12-25
3313,occasional,3,2025-04-22,
3314,weekender,1,2026-05-22,
3315,student,2,2025-08-17,2025-11-26
3316,occasional,2,2026-03-01,2026-03-01
3317,occasional,3,2025-07-27,
3318,commuter,1,2025-02-15,2025-08-18
3319,occasional,3,2025-12-12,
3320,student,2,2026-01-13,2026-01-13
3321,occasional,3,2026-02-15,
3322,occasional,1,2026-02-07,
3323,student,2,2025-05-19,2025-09-05
3324,weekender,1,2025-12-24,2025-12-24
3325,student,2,2025-07-09,2025-12-14
3326,weekender,2,2025-07-27,
3327,student,2,2025-03-02,2025-08-29
3328,student,2,2026-05-01,2026-05-01
3329,commuter,1,2025-02-11,
3330,commuter,1,2025-01-01,2026-01-02
3331,occasional,2,2025-07-31,
3332,weekender,2,2025-08-06,
3333,student,2,2025-02-03,
3334,commuter,1,2026-01-08,2026-01-08
3335,weekender,3,2026-02-26,
3336,occasional,3,2025-02-09,
3337,student,2,2025-10-15,
3338,student,2,2026-04-01,2026-04-01
3339,weekender,1,2025-06-09,
3340,occasional,2,2025-12-01,
3341,commuter,1,2025-05-19,
3342,weekender,3,2025-04-19,
3343,weekender,3,2025-01-16,
3344,weekender,1,2025-05-23,
3345,occasional,3,2026-03-11,
3346,occasional,3,2026-01-17,
3347,weekender,3,2025-09-27,2025-10-19
3348,weekender,2,2026-03-23,
3349,occasional,1,2025-09-03,2025-12-01
3350,student,2,2026-05-14,2026-05-14
3351,occasional,2,2025-08-23,
3352,weekender,3,2025-10-19,
3353,student,2,2025-01-22,2026-01-02
3354,occasional,1,2025-06-18,
3355,occasional,1,2026-05-19,
3356,weekender,1,2026-03-10,
3357,occasional,1,2025-08-15,2026-02-13
3358,student,2,2025-03-05,
3359,commuter,1,2025-11-04,2026-01-02
3360,weekender,2,2025-09-25,2025-11-25
3361,weekender,1,2025-01-29,2025-12-25
3362,commuter,1,2025-07-18,2025-08-11
3363,occasional,3,2025-01-30,
3364,occasional,3,2026-02-23,
3365,weekender,3,2026-05-03,
3366,student,2,2025-05-04,2025-09-08
3367,commuter,1,2025-05-28,
3368,occasional,2,2025-05-26,
3369,occasional,3,2026-05-15,
3370,occasional,3,2025-11-04,
3371,student,2,2025-06-05,
3372,student,2,2025-12-06,
3373,student,2,2025-01-29,
3374,commuter,1,2026-04-19,2026-04-19
3375,occasional,3,2025-02-22,
3376,commuter,1,2025-09-10,2025-09-10
3377,commuter,1,2025-06-08,2026-01-22
3378,commuter,1,2025-08-22,2025-10-08
3379,weekender,1,2025-06-18,2026-01-23
3380,weekender,2,2026-02-22,2026-02-22
3381,student,2,2026-04-29,
3382,student,2,2025-02-06,
3383,student,2,2025-02-26,2025-08-03
3384,weekender,1,2026-05-02,
3385,commuter,1,2025-07-25,
3386,occasional,2,2026-03-06,2026-03-06
3387,occasional,3,2026-05-29,
3388,student,2,2025-05-11,2026-01-11
3389,occasional,1,2025-01-08,
3390,student,2,2025-09-06,
3391,commuter,1,2025-11-15,
3392,commuter,1,2025-07-12,2025-11-23
3393,weekender,3,2025-06-14,2025-12-23
3394,commuter,1,2026-03-12,2026-03-12
3395,occasional,3,2025-09-22,
3396,occasional,2,2025-06-02,
3397,occasional,2,2025-09-10,
3398,occasional,1,2025-06-15,
3399,weekender,2,2026-01-27,
3400,occasional,2,2025-07-27,2025-09-19
3401,occasional,3,2025-08-16,
3402,student,2,2025-12-04,2025-12-04
3403,weekender,2,2025-10-06,
3404,student,2,2025-03-19,2026-02-08
3405,commuter,1,2025-09-03,2025-11-19
3406,occasional,1,2025-02-10,
3407,occasional,3,2025-02-11,
3408,student,2,2025-10-29,
3409,occasional,3,2026-05-27,
3410,student,2,2025-06-06,2025-10-24
3411,weekender,3,2025-06-04,2025-11-04
3412,student,2,2026-01-14,
3413,commuter,1,2025-02-03,
3414,occasional,3,2025-08-14,
3415,occasional,3,2025-10-23,
3416,student,2,2025-05-01,2026-01-13
3417,student,2,2025-06-10,2025-09-02
3418,commuter,1,2025-07-14,2025-10-10
3419,weekender,3,2026-03-11,
3420,occasional,2,2025-05-08,
3421,student,2,2025-08-11,
3422,occasional,2,2025-10-31,
3423,occasional,3,2025-08-06,
3424,occasional,3,2026-01-31,
3425,occasional,3,2025-05-06,2025-11-05
3426,occasional,2,2025-09-06,
3427,student,2,2025-03-18,2026-01-20
3428,occasional,3,2026-02-12,
3429,student,2,2026-04-07,2026-04-07
3430,weekender,2,2026-01-05,
3431,student,2,2026-05-01,2026-05-01
3432,commuter,1,2025-01-15,2025-10-26
3433,student,2,2025-02-18,2025-10-17
3434,commuter,1,2025-01-03,2025-08-20
3435,occasional,1,2025-03-01,2025-10-05
3436,student,2,2026-04-22,
3437,commuter,1,2026-04-03,2026-04-03
3438,weekender,2,2025-04-02,2025-12-30
3439,occasional,3,2026-05-29,
3440,occasional,3,2026-02-26,
3441,weekender,3,2026-04-18,2026-04-18
3442,student,2,2026-02-02,
3443,commuter,1,2025-12-03,2026-01-17
3444,occasional,3,2026-01-06,
3445,commuter,1,2025-08-25,2025-10-12
3446,commuter,1,2026-03-22,
3447,commuter,1,2025-07-03,2025-10-08
3448,occasional,3,2025-10-16,2025-10-16
3449,student,2,2025-07-09,2026-01-17
3450,occasional,3,2025-03-20,
3451,occasional,3,2025-12-19,
3452,occasional,3,2025-02-10,
3453,commuter,1,2025-09-01,
3454,occasional,1,2025-12-31,
3455,occasional,2,2025-07-09,
3456,occasional,1,2026-03-06,
3457,student,2,2025-06-29,
3458,commuter,1,2026-04-09,2026-04-09
3459,weekender,2,2025-08-16,
3460,student,2,2025-08-22,2025-11-13
3461,commuter,1,2025-04-14,2025-11-24
3462,commuter,1,2025-04-30,
3463,student,2,2025-06-21,
3464,occasional,3,2026-03-06,
3465,commuter,1,2025-03-17,2025-09-06
3466,student,2,2025-01-02,2025-12-03
3467,student,2,2025-05-31,
3468,occasional,3,2026-01-07,
3469,student,2,2025-10-14,
3470,commuter,1,2025-10-07,2025-12-22
3471,occasional,3,2025-04-17,
3472,occasional,1,2026-02-18,
3473,commuter,1,2025-04-05,2025-11-26
3474,student,2,2025-12-15,
3475,occasional,3,2025-12-27,
3476,student,2,2026-05-01,
3477,occasional,2,2025-08-26,
3478,weekender,3,2025-04-30,2025-09-21
3479,occasional,3,2025-10-18,
3480,student,2,2025-10-26,2026-01-24
3481,student,2,2026-01-10,2026-01-29
3482,commuter,1,2025-03-09,2025-08-01
3483,occasional,3,2025-11-26,
3484,occasional,1,2025-09-09,
3485,student,2,2025-11-10,2025-12-17
3486,student,2,2025-12-17,
3487,occasional,1,2025-07-29,
3488,occasional,3,2025-12-01,
3489,occasional,2,2025-01-15,
3490,commuter,1,2025-12-28,2025-12-28
3491,occasional,3,2025-10-22,2025-11-30
3492,occasional,3,2025-07-10,
3493,occasional,2,2025-03-21,
3494,commuter,1,2025-10-16,
3495,weekender,3,2025-12-05,2025-12-05
3496,weekender,3,2026-05-17,2026-05-17
3497,occasional,1,2025-10-17,2025-10-17
3498,weekender,3,2025-09-14,
3499,weekender,3,2026-05-02,2026-05-02
3500,weekender,2,2025-04-27,
3501,student,2,2026-04-01,2026-04-01
3502,occasional,1,2025-06-21,
3503,occasional,3,2025-12-25,2025-12-25
3504,occasional,2,2025-03-03,
3505,occasional,2,2025-06-30,
3506,commuter,1,2025-03-27,
3507,occasional,3,2025-05-05,
3508,student,2,2025-06-20,2025-12-24
3509,commuter,1,2026-01-01,
3510,weekender,3,2025-10-14,2025-12-26
3511,weekender,3,2026-02-10,2026-02-10
3512,weekender,2,2025-10-13,2025-11-15
3513,occasional,3,2025-06-01,
3514,student,2,2026-02-09,
3515,occasional,3,2025-05-17,
3516,student,2,2025-06-04,
3517,occasional,3,2025-09-05,
3518,occasional,2,2025-02-15,
3519,weekender,2,2025-11-07,2025-11-07
3520,weekender,3,2025-07-17,
3521,weekender,3,2025-06-17,
3522,weekender,2,2025-08-25,
3523,occasional,3,2025-06-23,
3524,student,2,2025-04-22,2026-02-02
3525,student,2,2026-03-04,
3526,occasional,1,2025-06-29,
3527,student,2,2025-03-01,2025-11-06
3528,occasional,1,2026-05-15,
3529,occasional,2,2026-01-07,
3530,weekender,3,2025-11-27,2025-11-27
3531,occasional,1,2025-08-10,
3532,commuter,1,2026-04-16,2026-04-16
3533,occasional,2,2026-05-26,
3534,occasional,1,2025-09-16,
3535,weekender,3,2026-03-14,
3536,commuter,1,2025-07-05,
3537,student,2,2026-04-19,
3538,weekender,1,2026-02-27,
3539,commuter,1,2025-09-13,
3540,weekender,3,2026-02-17,2026-02-17
3541,weekender,3,2025-10-01,
3542,occasional,1,2025-03-13,
3543,occasional,2,2026-01-21,
3544,weekender,2,2025-12-26,2026-02-06
3545,occasional,3,2026-04-14,2026-04-14
3546,occasional,3,2025-12-11,
3547,weekender,1,2025-03-01,2025-11-24
3548,student,2,2025-04-07,2025-12-07
3549,occasional,3,2026-05-23,2026-05-23
3550,commuter,1,2025-09-23,2025-10-07
3551,student,2,2025-05-29,
3552,occasional,1,2025-07-24,
3553,occasional,1,2025-12-20,
3554,commuter,1,2026-01-30,2026-01-30
3555,occasional,1,2025-06-13,
3556,occasional,1,2025-03-31,
3557,student,2,2026-03-16,
3558,occasional,3,2025-01-06,
3559,commuter,1,2025-08-11,2026-02-02
3560,occasional,1,2025-06-08,
3561,student,2,2025-06-18,
3562,student,2,2025-04-13,2026-01-12
3563,student,2,2026-02-14,2026-02-14
3564,weekender,1,2025-11-30,
3565,weekender,3,2025-07-21,2026-01-23
3566,student,2,2025-11-06,2026-01-02
3567,occasional,3,2025-03-25,
3568,weekender,2,2025-10-02,
3569,weekender,1,2025-06-21,2025-11-15
3570,occasional,3,2025-09-13,
3571,occasional,3,2025-01-09,
3572,occasional,3,2025-04-06,2025-10-30
3573,commuter,1,2026-03-23,2026-03-23
3574,occasional,3,2026-05-19,
3575,student,2,2025-01-13,2025-09-12
3576,commuter,1,2026-01-02,2026-01-02
3577,occasional,2,2025-07-21,
3578,student,2,2025-08-15,2025-08-19
3579,occasional,3,2025-10-03,
3580,weekender,2,2025-09-07,
3581,occasional,2,2026-02-07,
3582,occasional,2,2025-11-21,
3583,weekender,3,2025-03-12,
3584,occasional,3,2025-07-24,
3585,commuter,1,2025-10-12,2025-10-12
3586,weekender,1,2026-03-02,
3587,occasional,3,2025-08-24,
3588,weekender,3,2025-12-15,2025-12-15
3589,weekender,3,2026-01-21,
3590,student,2,2025-11-05,
3591,weekender,3,2025-05-07,2025-10-19
3592,occasional,3,2025-01-28,
3593,occasional,2,2025-12-08,
3594,commuter,1,2025-10-29,
3595,student,2,2025-10-03,2025-10-03
3596,student,2,2025-06-24,
3597,weekender,3,2025-08-15,
3598,occasional,1,2025-02-09,
3599,occasional,1,2025-04-03,
3600,student,2,2025-07-29,
3601,occasional,1,2026-01-08,
3602,student,2,2025-07-07,2026-01-04
3603,weekender,2,2025-11-24,2025-11-24
3604,weekender,3,2025-01-01,
3605,weekender,1,2025-07-09,2025-08-01
3606,weekender,2,2026-05-18,
3607,weekender,1,2025-07-28,2025-09-10
3608,commuter,1,2026-04-28,
3609,student,2,2025-10-20,
3610,weekender,2,2026-02-20,
3611,occasional,2,2025-09-30,
3612,occasional,1,2025-10-30,
3613,commuter,1,2026-03-06,2026-03-06
3614,occasional,3,2026-02-25,2026-02-25
3615,commuter,1,2025-08-08,2025-09-17
3616,occasional,1,2025-07-14,
3617,weekender,3,2025-10-31,
3618,occasional,3,2025-01-11,
3619,student,2,2026-03-03,
3620,commuter,1,2026-03-08,2026-03-08
3621,weekender,2,2026-04-27,
3622,occasional,3,2025-08-12,
3623,occasional,1,2026-03-10,
3624,occasional,2,2025-11-05,
3625,occasional,3,2026-01-18,
3626,occasional,1,2026-05-14,
3627,commuter,1,2026-05-23,
3628,student,2,2025-04-19,2026-01-09
3629,commuter,1,2025-02-16,2025-12-17
3630,occasional,1,2025-08-19,
3631,weekender,3,2025-08-11,
3632,weekender,1,2025-09-11,2025-12-23
3633,student,2,2025-01-23,2025-08-23
3634,occasional,3,2025-07-13,
3635,weekender,1,2025-04-02,
3636,commuter,1,2025-06-20,2025-11-04
3637,commuter,1,2025-06-11,
3638,occasional,3,2025-08-22,
3639,occasional,3,2025-04-26,
3640,occasional,1,2026-05-04,
3641,student,2,2025-01-23,
3642,commuter,1,2026-03-10,2026-03-10
3643,weekender,3,2025-01-03,
3644,commuter,1,2025-09-04,2025-09-30
3645,occasional,1,2025-05-25,
3646,occasional,3,2025-12-09,
3647,weekender,3,2025-05-22,2025-09-06
3648,commuter,1,2025-03-02,2025-09-16
3649,occasional,2,2025-04-09,
3650,occasional,1,2026-03-04,
3651,student,2,2025-12-21,2025-12-21
3652,occasional,2,2026-01-26,
3653,student,2,2026-03-26,
3654,occasional,3,2025-07-17,
3655,commuter,1,2025-06-26,2025-12-19
3656,occasional,1,2025-05-17,
3657,student,2,2025-09-14,2025-10-02
3658,weekender,2,2025-05-07,
3659,occasional,3,2025-02-13,
3660,occasional,1,2025-05-04,
3661,weekender,2,2026-03-17,
3662,weekender,1,2026-05-12,2026-05-12
3663,student,2,2026-04-10,2026-04-10
3664,student,2,2025-10-29,
3665,weekender,2,2025-03-17,
3666,weekender,2,2025-11-18,2025-11-18
3667,weekender,1,2025-02-24,2025-09-02
3668,occasional,2,2025-12-12,2025-12-12
3669,commuter,1,2025-08-04,2025-12-31
3670,weekender,2,2025-10-23,
3671,commuter,1,2025-06-17,
3672,commuter,1,2026-03-12,2026-03-12
3673,student,2,2025-01-22,
3674,occasional,2,2025-05-18,2025-11-15
3675,occasional,2,2025-02-15,
3676,commuter,1,2025-05-03,2025-10-20
3677,occasional,3,2025-05-17,
3678,commuter,1,2025-03-06,2025-12-02
3679,weekender,2,2026-03-07,2026-03-07
3680,student,2,2025-11-21,2026-01-19
3681,occasional,3,2026-02-11,
3682,weekender,2,2025-08-10,
3683,occasional,1,2026-02-02,2026-02-02
3684,occasional,3,2025-11-13,
3685,occasional,3,2025-03-25,
3686,occasional,3,2025-05-18,2026-01-22
3687,occasional,2,2026-02-07,
3688,student,2,2025-10-19,2025-10-19
3689,weekender,2,2025-05-10,
3690,commuter,1,2025-01-17,
3691,occasional,3,2026-01-26,
3692,commuter,1,2025-05-09,2025-11-21
3693,commuter,1,2025-03-08,2025-09-09
3694,weekender,3,2025-06-28,2025-09-07
3695,weekender,3,2025-06-25,2025-10-18
3696,occasional,2,2025-09-19,2026-01-24
3697,occasional,3,2025-01-21,
3698,weekender,2,2025-05-02,
3699,occasional,1,2025-06-20,
3700,occasional,1,2026-02-19,
3701,weekender,1,2026-02-01,
3702,student,2,2025-10-29,2025-10-29
3703,weekender,1,2026-05-24,
3704,occasional,1,2025-12-18,
3705,occasional,1,2025-11-13,
3706,student,2,2025-01-27,
3707,weekender,3,2025-01-25,
3708,occasional,1,2026-01-23,
3709,weekender,1,2026-02-03,2026-02-03
3710,weekender,2,2025-07-02,
3711,occasional,1,2025-06-29,
3712,commuter,1,2026-01-14,
3713,occasional,1,2026-01-20,
3714,occasional,3,2025-03-11,
3715,weekender,2,2025-01-09,
3716,weekender,1,2025-06-11,2025-12-12
3717,student,2,2025-02-13,2025-12-12
3718,weekender,3,2025-05-24,
3719,occasional,3,2025-04-28,
3720,occasional,3,2025-07-21,
3721,occasional,3,2026-04-02,
3722,occasional,3,2025-04-24,
3723,occasional,3,2025-10-01,
3724,commuter,1,2025-04-01,
3725,weekender,3,2025-11-08,2026-02-06
3726,occasional,1,2025-06-27,2025-11-20
3727,student,2,2025-06-24,
3728,occasional,2,2026-04-12,
3729,weekender,1,2026-02-19,2026-02-19
3730,student,2,2026-01-10,
3731,student,2,2025-09-27,2025-09-27
3732,occasional,3,2026-03-26,2026-03-26
3733,occasional,2,2026-03-31,2026-03-31
3734,occasional,1,2026-05-12,
3735,student,2,2025-08-30,2025-09-08
3736,student,2,2025-12-22,
3737,student,2,2025-10-11,2026-01-16
3738,occasional,1,2025-12-13,
3739,student,2,2025-01-14,
3740,occasional,1,2025-05-13,
3741,student,2,2025-08-12,2025-12-05
3742,weekender,2,2025-10-01,
3743,occasional,1,2025-10-15,
3744,student,2,2025-06-24,2025-09-01
3745,weekender,3,2025-12-28,2026-01-29
3746,student,2,2026-01-18,
3747,occasional,3,2026-03-27,2026-03-27
3748,occasional,2,2026-01-03,
3749,weekender,1,2025-02-28,
3750,student,2,2025-01-18,2025-09-17
3751,occasional,3,2026-05-08,
3752,occasional,1,2025-10-23,
3753,occasional,1,2026-02-15,
3754,occasional,2,2025-04-03,
3755,occasional,2,2025-04-23,
3756,commuter,1,2025-01-13,
3757,weekender,1,2026-04-19,
3758,student,2,2025-09-16,2025-12-18
3759,commuter,1,2025-03-10,2026-02-05
3760,commuter,1,2025-08-11,
3761,occasional,3,2025-11-23,
3762,occasional,3,2025-12-31,
3763,occasional,3,2026-04-29,
3764,commuter,1,2025-11-13,
3765,student,2,2025-08-12,
3766,student,2,2025-01-16,2026-01-15
3767,weekender,2,2025-05-27,
3768,occasional,3,2025-02-27,
3769,weekender,3,2025-01-17,2025-09-04
3770,weekender,2,2025-06-16,
3771,occasional,3,2025-01-17,
3772,student,2,2025-09-05,
3773,occasional,3,2025-10-26,2025-12-12
3774,occasional,2,2026-05-08,
3775,weekender,3,2026-01-26,2026-01-26
3776,occasional,3,2025-01-28,
3777,occasional,2,2025-12-21,
3778,student,2,2025-01-07,
3779,student,2,2026-04-10,
3780,commuter,1,2026-01-18,2026-01-18
3781,occasional,1,2026-05-12,
3782,weekender,2,2026-05-10,2026-05-10
3783,weekender,1,2025-07-05,
3784,commuter,1,2025-03-19,
3785,occasional,3,2025-12-22,
3786,student,2,2025-05-09,
3787,student,2,2025-11-21,2026-01-07
3788,weekender,2,2025-04-19,2025-12-25
3789,weekender,1,2025-12-22,
3790,occasional,1,2025-07-28,
3791,weekender,1,2025-12-05,2025-12-05
3792,student,2,2025-05-03,
3793,commuter,1,2025-02-18,2025-11-20
3794,commuter,1,2026-04-07,
3795,weekender,3,2025-08-03,2025-10-26
3796,occasional,2,2025-06-20,
3797,commuter,1,2025-01-29,2025-08-13
3798,weekender,3,2026-01-10,
3799,occasional,3,2026-05-30,
3800,commuter,1,2026-01-21,2026-01-21
3801,occasional,3,2025-12-13,
3802,student,2,2026-04-20,
3803,occasional,3,2026-01-19,
3804,occasional,2,2025-04-09,
3805,occasional,3,2025-08-20,
3806,commuter,1,2025-04-13,
3807,occasional,1,2025-11-26,
3808,student,2,2025-04-28,2025-10-09
3809,student,2,2025-02-21,2025-08-05
3810,occasional,3,2025-07-26,
3811,student,2,2025-07-06,2026-01-09
3812,occasional,1,2025-12-09,
3813,student,2,2026-05-27,
3814,occasional,3,2026-03-12,
3815,student,2,2025-03-25,
3816,occasional,2,2025-07-02,
3817,commuter,1,2026-02-20,2026-02-20
3818,weekender,2,2025-11-24,
3819,occasional,2,2025-08-28,
3820,student,2,2025-02-08,
3821,commuter,1,2026-04-29,2026-04-29
3822,student,2,2025-02-13,
3823,weekender,3,2025-01-22,
3824,commuter,1,2025-11-05,2025-11-05
3825,commuter,1,2025-01-04,2026-01-24
3826,weekender,3,2025-07-29,
3827,weekender,2,2025-05-13,
3828,occasional,1,2025-11-10,
3829,student,2,2026-03-11,
3830,weekender,2,2025-10-23,2025-10-23
3831,occasional,3,2025-05-13,
3832,occasional,1,2026-01-23,
3833,occasional,1,2025-04-27,
3834,commuter,1,2026-02-25,2026-02-25
3835,occasional,2,2025-04-07,
3836,student,2,2025-07-22,2026-01-31
3837,student,2,2025-07-30,
3838,weekender,3,2025-10-31,
3839,commuter,1,2025-01-14,
3840,commuter,1,2026-04-11,
3841,commuter,1,2025-01-27,
3842,student,2,2025-07-02,
3843,occasional,3,2025-09-25,
3844,student,2,2025-05-05,2025-12-13
3845,weekender,1,2025-10-21,
3846,occasional,2,2025-02-18,
3847,student,2,2026-05-17,
3848,student,2,2025-08-08,
3849,weekender,3,2026-01-29,
3850,commuter,1,2026-05-05,2026-05-05
3851,occasional,3,2025-08-05,
3852,commuter,1,2026-01-06,
3853,occasional,3,2026-04-24,
3854,occasional,2,2025-02-16,
3855,student,2,2025-04-08,2025-08-03
3856,weekender,1,2025-10-10,
3857,occasional,1,2026-01-17,
3858,weekender,2,2025-08-09,
3859,occasional,1,2025-08-19,
3860,occasional,3,2026-03-08,
3861,occasional,3,2025-12-04,
3862,weekender,1,2026-05-22,
3863,weekender,2,2025-01-22,
3864,commuter,1,2025-01-20,2025-10-09
3865,occasional,2,2025-07-16,
3866,weekender,3,2025-03-29,
3867,occasional,3,2025-07-06,
3868,student,2,2026-02-08,
3869,occasional,1,2025-07-31,
3870,weekender,2,2025-06-19,
3871,weekender,1,2025-11-22,2025-11-22
3872,weekender,3,2025-08-02,2025-10-26
3873,commuter,1,2025-06-13,
3874,occasional,3,2025-12-16,
3875,student,2,2026-03-26,2026-03-26
3876,weekender,3,2026-05-10,
3877,occasional,3,2025-08-16,
3878,student,2,2026-04-22,
3879,commuter,1,2026-01-06,2026-01-06
3880,weekender,3,2025-02-13,2025-08-18
3881,weekender,3,2025-05-10,
3882,student,2,2025-02-16,
3883,occasional,2,2026-03-04,
3884,occasional,2,2026-01-13,2026-01-13
3885,occasional,1,2025-01-25,
3886,occasional,3,2026-01-18,
3887,weekender,3,2026-01-20,2026-01-20
3888,occasional,2,2026-02-09,
3889,occasional,3,2025-01-08,
3890,weekender,3,2026-04-29,
3891,occasional,3,2026-04-19,
3892,commuter,1,2026-05-02,2026-05-02
3893,occasional,2,2025-12-12,
3894,occasional,3,2025-04-12,
3895,occasional,1,2026-04-04,
3896,occasional,3,2026-03-09,
3897,occasional,1,2026-01-26,
3898,commuter,1,2025-12-21,
3899,weekender,1,2025-09-07,2025-12-25
3900,weekender,2,2026-04-15,
3901,commuter,1,2026-02-27,
3902,occasional,3,2025-08-08,
3903,occasional,1,2025-09-09,
3904,student,2,2025-02-22,2025-09-06
3905,commuter,1,2026-01-20,2026-01-20
3906,occasional,1,2026-01-24,
3907,weekender,3,2026-02-18,2026-02-18
3908,student,2,2025-01-30,
3909,commuter,1,2026-02-12,
3910,occasional,3,2026-01-16,
3911,commuter,1,2025-03-20,2025-12-20
3912,occasional,1,2025-06-04,
3913,student,2,2025-01-23,2025-09-17
3914,student,2,2025-12-18,
3915,occasional,3,2026-02-07,
3916,occasional,3,2026-04-27,
3917,student,2,2025-05-12,2025-12-30
3918,student,2,2025-05-12,
3919,student,2,2025-08-21,2025-10-20
3920,weekender,3,2026-03-30,2026-03-30
3921,weekender,2,2025-06-24,
3922,occasional,3,2025-12-22,
3923,commuter,1,2025-01-14,2025-11-05
3924,occasional,2,2025-01-16,
3925,student,2,2025-03-14,2025-08-14
3926,student,2,2025-04-15,2025-09-04
3927,commuter,1,2025-09-07,
3928,commuter,1,2025-07-16,2025-10-26
3929,weekender,2,2025-04-16,
3930,weekender,1,2025-02-14,2025-09-05
3931,student,2,2025-03-15,
3932,occasional,1,2026-01-24,
3933,occasional,2,2025-09-30,
3934,occasional,3,2026-01-05,
3935,student,2,2025-09-13,2025-11-21
3936,student,2,2025-03-05,
3937,weekender,3,2026-05-12,
3938,commuter,1,2025-06-18,2025-11-27
3939,student,2,2025-02-13,2026-01-01
3940,student,2,2026-05-10,2026-05-10
3941,commuter,1,2026-01-11,2026-01-11
3942,weekender,2,2026-01-09,
3943,occasional,3,2025-01-06,
3944,student,2,2026-02-06,
3945,occasional,1,2026-04-14,
3946,occasional,3,2026-04-02,
3947,weekender,1,2025-02-11,2025-11-03
3948,weekender,1,2026-01-24,
3949,student,2,2025-09-21,
3950,occasional,3,2025-07-05,
3951,student,2,2026-02-03,2026-02-03
3952,commuter,1,2025-03-23,
3953,occasional,3,2025-12-19,
3954,occasional,1,2026-03-24,
3955,occasional,3,2025-05-29,
3956,weekender,3,2025-10-02,
3957,occasional,3,2025-04-09,2025-11-01
3958,occasional,2,2025-10-17,
3959,weekender,1,2025-05-08,
3960,student,2,2026-04-11,2026-04-11
3961,student,2,2025-07-08,2025-11-25
3962,occasional,1,2025-01-12,
3963,commuter,1,2026-04-09,2026-04-09
3964,student,2,2025-11-08,2025-11-08
3965,occasional,3,2025-07-19,
3966,occasional,3,2025-06-30,
3967,occasional,2,2025-11-23,2026-01-17
3968,commuter,1,2026-05-01,
3969,occasional,2,2025-05-31,
3970,occasional,2,2025-07-31,
3971,weekender,3,2026-05-19,2026-05-19
3972,weekender,1,2026-01-01,
3973,occasional,3,2025-04-05,
3974,occasional,3,2026-03-21,
3975,weekender,3,2025-04-17,2026-01-29
3976,student,2,2025-03-29,
3977,student,2,2025-09-06,2025-09-12
3978,commuter,1,2025-03-21,
3979,occasional,3,2025-03-07,
3980,student,2,2026-02-28,
3981,weekender,1,2026-05-02,2026-05-02
3982,occasional,1,2025-06-16,
3983,student,2,2025-06-16,2025-12-28
3984,weekender,1,2025-04-13,
3985,weekender,2,2026-02-28,
3986,student,2,2025-08-25,
3987,student,2,2025-02-03,2025-08-10
3988,occasional,1,2025-02-06,
3989,weekender,1,2025-09-21,
3990,weekender,1,2025-10-13,
3991,commuter,1,2025-01-28,2026-01-11
3992,commuter,1,2025-08-15,
3993,student,2,2025-08-13,
3994,occasional,2,2025-05-05,2026-01-23
3995,commuter,1,2026-01-30,2026-01-30
3996,occasional,2,2025-05-22,2025-09-22
3997,commuter,1,2025-04-06,2025-11-26
3998,weekender,1,2025-06-12,
3999,student,2,2025-09-11,2025-09-17
4000,commuter,1,2025-12-10,2026-02-04
4001,occasional,3,2026-04-22,2026-04-22
4002,student,2,2025-09-13,
4003,occasional,3,2026-03-01,
4004,commuter,1,2025-05-06,
4005,occasional,3,2025-12-16,
4006,occasional,2,2025-04-06,
4007,weekender,3,2025-04-22,2026-01-12
4008,weekender,1,2026-04-27,
4009,occasional,1,2026-02-07,
4010,student,2,2025-04-27,2025-11-28
4011,occasional,3,2026-01-31,
4012,occasional,2,2026-03-29,
4013,occasional,2,2025-01-28,
4014,occasional,3,2025-01-01,
4015,commuter,1,2026-02-07,2026-02-08
4016,commuter,1,2025-05-01,2025-11-23
4017,student,2,2025-06-07,
4018,occasional,2,2026-02-01,
4019,student,2,2025-04-20,2025-09-25
4020,occasional,3,2025-09-25,
4021,weekender,2,2025-08-21,
4022,weekender,2,2025-03-04,2026-01-08
4023,occasional,1,2025-02-27,
4024,occasional,3,2025-10-15,
4025,occasional,3,2025-07-12,
4026,commuter,1,2025-06-30,2026-01-18
4027,occasional,2,2025-02-05,
4028,occasional,3,2025-01-26,
4029,student,2,2026-05-08,2026-05-08
4030,commuter,1,2026-03-13,2026-03-13
4031,student,2,2025-10-06,
4032,student,2,2025-12-18,2025-12-18
4033,occasional,3,2025-01-29,
4034,weekender,3,2025-01-08,2025-12-15
4035,student,2,2025-01-23,
4036,commuter,1,2025-03-13,2025-10-02
4037,commuter,1,2026-02-14,
4038,occasional,3,2026-05-26,
4039,weekender,2,2026-01-27,
4040,student,2,2026-05-23,2026-05-23
4041,weekender,2,2026-03-04,
4042,student,2,2025-03-14,
4043,occasional,3,2025-12-02,
4044,student,2,2025-11-01,2025-12-30
4045,weekender,1,2025-10-31,2025-10-31
4046,student,2,2025-08-21,
4047,occasional,3,2025-03-09,
4048,occasional,2,2025-07-23,
4049,weekender,1,2026-05-09,2026-05-09
4050,occasional,3,2025-03-20,2026-01-06
4051,student,2,2026-03-07,2026-03-07
4052,student,2,2025-06-26,2025-10-07
4053,commuter,1,2025-11-11,2025-11-11
4054,occasional,1,2025-12-19,
4055,occasional,3,2025-12-12,
4056,student,2,2025-01-13,
4057,weekender,3,2025-11-06,
4058,weekender,2,2025-09-25,
4059,student,2,2025-02-07,
4060,occasional,2,2025-02-20,
4061,occasional,2,2025-12-12,
4062,occasional,3,2026-05-20,
4063,weekender,3,2026-02-08,
4064,weekender,3,2025-08-17,
4065,occasional,2,2025-04-05,
4066,occasional,3,2025-07-14,
4067,occasional,1,2026-03-22,
4068,occasional,3,2025-08-04,
4069,occasional,1,2026-04-26,
4070,weekender,2,2025-01-16,
4071,occasional,1,2025-06-17,
4072,student,2,2026-02-28,
4073,weekender,3,2025-05-20,
4074,occasional,1,2025-07-17,
4075,commuter,1,2025-03-13,2025-10-05
4076,student,2,2025-08-25,2025-08-28
4077,weekender,3,2025-02-01,
4078,occasional,1,2025-06-14,
4079,student,2,2025-08-07,2025-09-13
4080,weekender,1,2026-03-19,
4081,commuter,1,2026-03-25,
4082,occasional,1,2026-02-19,
4083,occasional,2,2026-03-16,
4084,occasional,3,2025-08-29,2025-08-29
4085,occasional,3,2025-10-10,
4086,occasional,2,2026-01-25,
4087,occasional,3,2026-03-02,2026-03-02
4088,weekender,3,2026-05-21,2026-05-21
4089,occasional,3,2025-08-08,
4090,student,2,2025-05-23,2025-10-16
4091,student,2,2025-01-09,
4092,occasional,1,2025-07-06,2025-10-08
4093,student,2,2025-07-03,
4094,student,2,2025-12-05,
4095,commuter,1,2026-04-14,
4096,occasional,3,2025-07-24,
4097,occasional,2,2026-05-04,
4098,occasional,3,2026-04-10,
4099,occasional,2,2025-04-21,
4100,occasional,1,2025-09-20,
4101,commuter,1,2025-04-05,
4102,weekender,2,2025-01-30,
4103,occasional,1,2026-01-31,
4104,occasional,3,2026-04-28,
4105,occasional,3,2025-03-25,2025-09-18
4106,student,2,2025-04-27,2025-11-07
4107,occasional,3,2025-01-20,
4108,occasional,2,2025-02-26,
4109,commuter,1,2025-07-05,
4110,student,2,2025-11-25,2026-02-05
4111,weekender,3,2025-05-05,
4112,occasional,1,2026-04-25,
4113,student,2,2025-09-29,
4114,weekender,2,2025-03-01,
4115,occasional,2,2025-02-20,
4116,occasional,1,2026-02-02,
4117,student,2,2025-03-08,2025-12-13
4118,commuter,1,2025-03-20,2025-08-28
4119,occasional,3,2025-05-18,
4120,commuter,1,2025-09-18,
4121,occasional,3,2025-02-22,
4122,student,2,2025-03-28,2025-08-03
4123,student,2,2026-05-02,
4124,student,2,2025-10-26,
4125,commuter,1,2025-11-17,2025-11-17
4126,occasional,3,2026-05-17,2026-05-17
4127,occasional,3,2025-03-20,
4128,commuter,1,2025-08-21,
4129,commuter,1,2025-06-04,2026-02-14
4130,occasional,1,2025-02-28,
4131,occasional,1,2025-05-24,2025-08-22
4132,student,2,2026-03-05,
4133,occasional,3,2025-06-01,2025-08-14
4134,weekender,2,2025-03-13,
4135,commuter,1,2025-11-30,
4136,commuter,1,2025-01-08,2025-08-15
4137,occasional,2,2025-04-21,2026-02-03
4138,occasional,1,2025-09-11,
4139,weekender,3,2025-04-23,2025-10-24
4140,weekender,2,2025-02-27,
4141,weekender,1,2025-09-19,
4142,student,2,2026-01-29,
4143,occasional,3,2026-04-26,
4144,student,2,2025-10-06,
4145,commuter,1,2025-08-12,
4146,student,2,2025-03-17,
4147,occasional,3,2025-12-30,2026-01-31
4148,commuter,1,2026-05-18,
4149,occasional,2,2025-03-16,
4150,weekender,1,2026-03-17,2026-03-17
4151,weekender,1,2026-03-14,
4152,weekender,2,2025-05-01,2026-01-04
4153,student,2,2025-02-20,2025-08-14
4154,weekender,2,2026-05-24,
4155,student,2,2025-05-26,2025-10-20
4156,student,2,2025-03-02,2026-01-11
4157,occasional,1,2025-11-28,
4158,occasional,3,2025-03-15,
4159,weekender,1,2025-02-07,
4160,occasional,1,2025-03-13,
4161,weekender,1,2025-07-09,
4162,occasional,2,2026-01-16,
4163,weekender,2,2026-02-14,2026-02-14
4164,weekender,3,2025-02-09,
4165,occasional,1,2025-05-29,
4166,weekender,3,2025-12-19,
4167,occasional,2,2025-08-19,
4168,occasional,3,2025-12-01,
4169,occasional,1,2025-03-07,
4170,occasional,3,2026-04-07,
4171,occasional,2,2026-03-07,2026-03-07
4172,student,2,2025-11-12,2026-01-14
4173,occasional,2,2025-01-11,2025-12-03
4174,occasional,3,2026-02-24,
4175,student,2,2025-01-22,2025-11-07
4176,commuter,1,2025-03-06,2025-12-13
4177,commuter,1,2025-03-27,2025-11-09
4178,commuter,1,2025-04-07,2025-10-25
4179,student,2,2026-01-25,
4180,commuter,1,2026-01-13,2026-01-13
4181,student,2,2026-03-28,2026-03-28
4182,occasional,3,2025-01-04,2026-01-20
4183,commuter,1,2025-02-01,
4184,weekender,3,2026-04-15,
4185,occasional,2,2025-12-22,
4186,commuter,1,2026-03-09,2026-03-09
4187,commuter,1,2025-08-02,
4188,occasional,1,2026-02-27,
4189,commuter,1,2025-11-13,2025-11-13
4190,occasional,3,2025-12-17,
4191,occasional,2,2026-02-24,
4192,commuter,1,2025-11-27,
4193,occasional,3,2026-01-07,
4194,occasional,1,2025-02-28,
4195,weekender,2,2026-04-04,2026-04-04
4196,occasional,3,2025-01-08,
4197,student,2,2025-04-03,
4198,occasional,3,2025-07-15,
4199,occasional,2,2025-01-12,2026-02-09
4200,commuter,1,2025-04-19,2025-12-22
4201,occasional,1,2025-04-05,
4202,weekender,1,2025-03-01,
4203,student,2,2025-10-26,2026-01-13
4204,occasional,3,2025-11-05,
4205,occasional,3,2025-07-22,
4206,weekender,2,2026-02-07,2026-02-07
4207,occasional,1,2025-06-08,
4208,weekender,2,2025-06-12,2026-02-13
4209,occasional,3,2025-03-31,2025-09-03
4210,occasional,3,2025-12-23,
4211,occasional,3,2025-05-24,
4212,commuter,1,2026-03-07,2026-03-07
4213,weekender,1,2025-04-04,
4214,student,2,2026-03-11,2026-03-11
4215,weekender,3,2025-03-27,
4216,commuter,1,2025-02-24,2025-10-08
4217,commuter,1,2025-11-08,2025-11-08
4218,occasional,3,2026-01-04,
4219,occasional,1,2025-04-03,
4220,commuter,1,2026-04-11,2026-04-11
4221,occasional,1,2025-07-03,
4222,weekender,2,2025-02-24,
4223,occasional,2,2025-01-31,
4224,student,2,2025-02-25,
4225,student,2,2026-01-16,
4226,commuter,1,2025-10-05,
4227,student,2,2026-05-20,2026-05-20
4228,commuter,1,2026-02-05,2026-02-16
4229,weekender,3,2025-01-02,2025-10-05
4230,student,2,2026-04-27,
4231,weekender,3,2025-12-31,2025-12-31
4232,commuter,1,2026-04-27,2026-04-27
4233,weekender,2,2025-04-19,
4234,occasional,1,2025-02-01,
4235,student,2,2025-06-21,
4236,student,2,2025-02-19,2025-10-17
4237,occasional,1,2025-02-02,
4238,occasional,3,2026-05-19,
4239,student,2,2026-04-18,
4240,occasional,3,2025-12-12,
4241,occasional,3,2025-04-24,
4242,occasional,2,2025-02-28,
4243,occasional,3,2026-02-28,
4244,occasional,1,2025-01-26,
4245,weekender,3,2025-02-05,
4246,occasional,2,2026-04-11,
4247,commuter,1,2025-07-08,
4248,weekender,3,2025-09-01,
4249,weekender,3,2025-02-19,2026-01-11
4250,weekender,1,2025-05-04,2025-08-11
4251,commuter,1,2025-08-26,
4252,occasional,3,2025-08-02,
4253,commuter,1,2025-03-15,2025-12-08
4254,commuter,1,2026-02-08,2026-02-08
4255,occasional,3,2026-01-18,
4256,occasional,3,2025-08-22,2025-09-08
4257,student,2,2025-06-05,2025-08-07
4258,weekender,3,2025-11-20,2026-02-04
4259,occasional,2,2026-01-19,
4260,occasional,3,2025-06-20,2025-09-19
4261,commuter,1,2025-09-01,
4262,occasional,3,2025-10-21,
4263,weekender,1,2025-03-07,2025-11-08
4264,occasional,3,2025-10-21,
4265,weekender,1,2025-04-04,2025-11-30
4266,commuter,1,2026-05-08,
4267,occasional,2,2026-03-17,
4268,occasional,1,2025-01-03,
4269,commuter,1,2026-01-28,
4270,student,2,2025-02-01,2025-12-27
4271,commuter,1,2025-01-27,
4272,weekender,3,2025-10-09,
4273,commuter,1,2026-03-19,2026-03-19
4274,occasional,3,2026-01-13,
4275,student,2,2025-09-16,
4276,occasional,3,2026-04-06,
4277,weekender,2,2025-05-31,2025-10-25
4278,occasional,1,2026-03-29,
4279,occasional,3,2026-04-06,
4280,occasional,3,2026-01-04,
4281,commuter,1,2026-03-17,
4282,weekender,3,2025-08-24,2025-11-24
4283,occasional,2,2025-10-26,
4284,weekender,1,2025-06-11,
4285,commuter,1,2026-04-11,
4286,student,2,2025-07-05,2025-08-05
4287,occasional,3,2025-12-20,
4288,commuter,1,2025-07-03,2025-11-04
4289,weekender,3,2025-06-25,
4290,student,2,2025-06-15,
4291,commuter,1,2025-03-21,2026-01-08
4292,occasional,2,2025-02-26,
4293,occasional,3,2025-12-02,
4294,occasional,3,2025-09-27,
4295,occasional,2,2026-05-01,
4296,occasional,3,2025-03-15,
4297,occasional,3,2025-08-11,
4298,student,2,2025-01-14,
4299,occasional,1,2025-01-18,
4300,occasional,3,2025-02-05,
4301,occasional,3,2025-09-09,2025-09-20
4302,commuter,1,2026-04-20,2026-04-20
4303,occasional,2,2026-02-14,
4304,occasional,2,2026-03-14,
4305,weekender,3,2025-01-26,
4306,occasional,3,2026-04-04,
4307,student,2,2025-12-26,
4308,student,2,2025-09-03,2025-11-15
4309,occasional,3,2025-06-25,
4310,student,2,2025-01-11,
4311,weekender,3,2026-03-21,2026-03-21
4312,commuter,1,2025-04-18,
4313,weekender,3,2025-06-19,2025-12-02
4314,weekender,3,2025-11-05,2025-11-05
4315,occasional,3,2026-01-29,
4316,student,2,2025-10-27,
4317,weekender,3,2025-09-08,2025-12-05
4318,commuter,1,2025-03-17,
4319,occasional,2,2025-08-22,
4320,weekender,3,2025-03-31,2025-12-18
4321,commuter,1,2025-06-24,2025-10-17
4322,occasional,3,2025-03-26,
4323,occasional,1,2026-05-15,
4324,weekender,3,2025-12-31,2026-02-15
4325,occasional,2,2026-04-15,
4326,commuter,1,2025-06-22,
4327,occasional,3,2025-08-22,2025-11-23
4328,commuter,1,2025-03-13,2025-09-28
4329,weekender,3,2025-01-09,2025-11-25
4330,occasional,2,2026-03-11,
4331,weekender,3,2026-01-14,2026-01-14
4332,weekender,1,2025-08-24,2025-08-24
4333,occasional,1,2025-10-16,
4334,commuter,1,2025-03-01,
4335,occasional,2,2025-10-23,
4336,commuter,1,2026-05-30,
4337,commuter,1,2025-04-13,
4338,commuter,1,2026-03-26,2026-03-26
4339,occasional,3,2026-04-15,
4340,commuter,1,2026-05-30,2026-05-30
4341,weekender,2,2025-06-05,
4342,occasional,2,2025-04-18,
4343,weekender,2,2025-11-12,2025-11-12
4344,student,2,2026-01-19,
4345,commuter,1,2026-04-13,2026-04-13
4346,student,2,2026-05-11,
4347,occasional,3,2025-07-05,2025-11-02
4348,student,2,2025-12-12,
4349,occasional,3,2025-09-24,
4350,commuter,1,2025-01-01,2025-12-24
4351,commuter,1,2025-05-08,
4352,weekender,1,2025-02-08,
4353,occasional,3,2025-10-31,
4354,student,2,2025-07-03,2025-11-20
4355,occasional,3,2026-01-14,
4356,occasional,3,2026-02-20,
4357,commuter,1,2025-01-14,2025-12-01
4358,occasional,2,2025-04-08,
4359,commuter,1,2025-11-22,2025-11-22
4360,student,2,2025-03-22,
4361,occasional,3,2026-05-03,
4362,student,2,2025-10-30,2025-10-30
4363,occasional,1,2025-03-25,
4364,weekender,2,2026-02-20,
4365,occasional,2,2025-10-20,2026-01-17
4366,commuter,1,2026-03-05,2026-03-05
4367,occasional,1,2025-07-06,
4368,occasional,1,2026-05-12,
4369,occasional,2,2026-02-13,
4370,occasional,3,2025-03-05,
4371,occasional,3,2026-03-07,
4372,commuter,1,2025-02-21,2025-09-19
4373,student,2,2025-03-15,
4374,weekender,1,2025-02-14,2025-10-31
4375,student,2,2026-02-17,
4376,student,2,2025-01-31,2025-08-15
4377,commuter,1,2026-02-04,2026-02-04
4378,weekender,1,2026-05-08,2026-05-08
4379,weekender,2,2025-09-11,2025-12-05
4380,occasional,3,2025-05-06,
4381,commuter,1,2025-03-19,
4382,commuter,1,2025-10-05,2025-10-05
4383,commuter,1,2025-01-23,2025-12-29
4384,occasional,2,2025-11-24,
4385,occasional,3,2025-01-11,
4386,occasional,3,2026-04-08,
4387,commuter,1,2026-05-24,
4388,student,2,2025-02-08,
4389,occasional,2,2025-12-20,
4390,student,2,2026-02-22,
4391,student,2,2025-06-06,2025-09-09
4392,weekender,2,2025-04-25,2026-01-23
4393,weekender,1,2025-07-06,2025-11-03
4394,commuter,1,2025-12-21,
4395,occasional,2,2025-11-02,
4396,occasional,3,2026-02-26,
4397,occasional,3,2026-03-02,
4398,occasional,3,2025-11-07,2025-11-07
4399,commuter,1,2026-03-16,
4400,occasional,1,2026-02-09,
4401,occasional,3,2025-03-11,
4402,occasional,2,2025-05-24,
4403,occasional,3,2025-06-18,
4404,commuter,1,2025-12-23,2025-12-23
4405,occasional,3,2025-12-16,
4406,commuter,1,2026-02-12,2026-02-12
4407,commuter,1,2025-01-30,2025-12-22
4408,student,2,2025-12-01,
4409,student,2,2026-01-24,
4410,weekender,2,2025-01-21,
4411,occasional,2,2025-09-30,
4412,occasional,3,2025-05-25,
4413,occasional,1,2026-01-17,
4414,occasional,1,2025-11-06,
4415,occasional,2,2025-08-19,
4416,occasional,3,2025-02-26,
4417,occasional,3,2025-05-29,
4418,student,2,2025-09-27,
4419,commuter,1,2025-12-30,2026-02-13
4420,commuter,1,2025-02-22,2025-12-23
4421,occasional,3,2026-03-07,
4422,occasional,3,2025-02-16,
4423,occasional,3,2026-03-30,
4424,weekender,3,2025-10-21,
4425,occasional,3,2025-11-09,
4426,occasional,2,2025-10-22,2026-01-27
4427,weekender,2,2025-07-01,2025-10-13
4428,occasional,1,2025-12-10,2025-12-10
4429,occasional,3,2025-08-21,
4430,occasional,3,2025-12-18,
4431,occasional,1,2026-01-20,
4432,student,2,2026-01-02,2026-01-02
4433,occasional,3,2026-01-07,
4434,weekender,3,2025-10-12,
4435,commuter,1,2025-09-03,
4436,occasional,2,2025-04-17,
4437,weekender,1,2026-03-21,
4438,weekender,2,2025-10-23,
4439,occasional,1,2026-04-09,
4440,weekender,1,2025-09-18,2025-11-15
4441,student,2,2026-05-17,
4442,student,2,2025-08-08,
4443,occasional,1,2025-11-24,
4444,weekender,1,2025-04-24,2025-11-26
4445,commuter,1,2025-01-21,2026-02-12
4446,student,2,2025-04-28,
4447,occasional,2,2025-07-22,
4448,occasional,2,2025-08-09,
4449,occasional,2,2025-04-04,2025-12-30
4450,occasional,2,2026-02-15,
4451,weekender,3,2025-03-17,
4452,student,2,2025-07-09,
4453,student,2,2025-08-21,2026-01-10
4454,student,2,2025-11-26,2025-11-26
4455,occasional,1,2026-04-11,
4456,weekender,2,2025-02-21,
4457,occasional,3,2025-03-21,
4458,occasional,2,2026-05-13,
4459,weekender,3,2025-03-13,
4460,commuter,1,2025-02-09,
4461,occasional,3,2026-05-06,
4462,occasional,3,2026-03-06,2026-03-06
4463,student,2,2026-05-29,2026-05-29
4464,weekender,1,2025-01-02,
4465,weekender,1,2026-05-15,2026-05-15
4466,commuter,1,2025-12-03,2026-01-26
4467,student,2,2025-09-25,
4468,occasional,3,2025-04-20,
4469,weekender,1,2026-03-11,
4470,occasional,2,2025-06-01,
4471,student,2,2026-03-03,
4472,occasional,2,2025-12-13,
4473,occasional,3,2025-10-07,
4474,weekender,3,2025-12-31,2025-12-31
4475,occasional,1,2025-03-11,
4476,occasional,3,2025-05-28,
4477,occasional,3,2025-10-08,
4478,occasional,2,2025-01-09,
4479,occasional,2,2026-01-12,
4480,occasional,3,2025-04-22,2026-02-07
4481,occasional,3,2025-05-21,
4482,weekender,3,2025-08-12,
4483,occasional,3,2025-02-17,
4484,weekender,3,2025-08-16,2025-08-16
4485,weekender,2,2025-11-05,2025-11-05
4486,weekender,2,2025-07-23,
4487,student,2,2025-02-18,2025-08-20
4488,commuter,1,2025-11-08,2025-12-16
4489,weekender,3,2025-12-29,
4490,occasional,3,2026-01-21,
4491,occasional,3,2025-05-25,
4492,occasional,1,2025-11-17,
4493,student,2,2025-09-16,
4494,weekender,3,2025-10-31,
4495,student,2,2025-02-13,2026-02-04
4496,student,2,2025-04-09,2026-02-08
4497,weekender,1,2025-01-10,
4498,occasional,3,2025-04-05,
4499,weekender,3,2025-09-05,2025-11-12
4500,commuter,1,2025-09-19,2025-12-16
4501,occasional,3,2026-04-05,2026-04-05
4502,student,2,2025-02-17,
4503,student,2,2026-01-23,
4504,occasional,2,2026-01-09,
4505,occasional,1,2025-06-17,
4506,commuter,1,2025-08-10,2026-02-04
4507,occasional,3,2026-04-09,
4508,occasional,2,2026-01-07,
4509,occasional,1,2026-01-21,
4510,weekender,2,2025-06-27,
4511,student,2,2025-03-18,2025-10-23
4512,student,2,2026-04-30,2026-04-30
4513,student,2,2025-04-30,2025-10-28
4514,commuter,1,2026-05-30,2026-05-30
4515,student,2,2025-11-25,
4516,student,2,2025-06-25,
4517,occasional,3,2025-06-20,2025-10-21
4518,occasional,3,2026-03-10,
4519,occasional,1,2026-02-10,2026-02-10
4520,student,2,2025-06-06,
4521,weekender,1,2025-04-04,
4522,student,2,2026-02-03,
4523,occasional,3,2025-09-16,
4524,occasional,2,2025-12-28,
4525,occasional,2,2025-09-19,
4526,occasional,2,2025-03-23,2026-02-04
4527,weekender,1,2025-09-21,2025-10-06
4528,weekender,3,2026-01-07,
4529,weekender,3,2026-01-08,
4530,occasional,2,2026-01-08,
4531,occasional,3,2025-01-28,
4532,commuter,1,2025-08-09,2025-08-19
4533,occasional,3,2026-01-28,
4534,commuter,1,2026-01-09,2026-01-09
4535,student,2,2025-08-30,2025-12-14
4536,occasional,1,2026-05-23,
4537,occasional,2,2025-02-20,
4538,occasional,3,2025-01-27,2025-12-21
4539,commuter,1,2025-05-12,2025-12-13
4540,occasional,1,2025-12-20,
4541,weekender,3,2026-02-17,
4542,student,2,2025-03-09,
4543,occasional,3,2025-03-05,
4544,commuter,1,2025-03-22,2026-02-01
4545,commuter,1,2025-07-31,
4546,student,2,2025-11-30,2025-11-30
4547,occasional,2,2026-04-12,
4548,occasional,2,2025-01-18,
4549,occasional,2,2025-02-03,
4550,occasional,3,2025-04-27,2026-01-20
4551,occasional,3,2025-11-13,
4552,occasional,1,2025-02-22,
4553,weekender,3,2025-12-15,2025-12-15
4554,occasional,3,2025-02-15,
4555,occasional,3,2025-06-17,
4556,commuter,1,2025-02-23,
4557,occasional,3,2026-02-22,
4558,weekender,2,2025-07-23,2025-10-08
4559,commuter,1,2025-08-28,
4560,weekender,2,2025-01-13,
4561,commuter,1,2025-08-11,2025-09-01
4562,weekender,1,2026-03-14,
4563,commuter,1,2025-09-16,2025-11-29
4564,occasional,3,2025-05-09,
4565,student,2,2025-10-19,2025-10-19
4566,student,2,2025-08-04,2026-01-19
4567,occasional,3,2026-02-20,
4568,weekender,2,2025-02-19,
4569,student,2,2025-08-09,2026-01-25
4570,commuter,1,2025-04-27,2026-02-08
4571,occasional,3,2025-07-15,
4572,occasional,2,2025-08-10,
4573,commuter,1,2025-11-24,
4574,occasional,3,2025-08-19,
4575,commuter,1,2025-12-26,
4576,weekender,3,2025-09-30,
4577,commuter,1,2026-02-27,2026-02-27
4578,occasional,3,2025-02-26,
4579,occasional,3,2025-09-06,
4580,student,2,2025-09-15,
4581,occasional,2,2026-02-18,2026-02-18
4582,occasional,3,2025-09-26,
4583,occasional,3,2025-09-02,2025-11-06
4584,weekender,3,2025-02-22,
4585,weekender,1,2025-01-17,
4586,commuter,1,2025-01-04,2026-01-22
4587,commuter,1,2025-05-25,2025-10-12
4588,commuter,1,2026-03-19,
4589,commuter,1,2025-01-29,2025-12-07
4590,weekender,3,2025-11-13,
4591,occasional,2,2025-03-31,
4592,occasional,2,2026-03-13,
4593,student,2,2026-03-31,2026-03-31
4594,weekender,2,2025-03-29,2025-12-10
4595,occasional,1,2026-04-17,
4596,commuter,1,2025-05-17,
4597,weekender,3,2026-03-14,
4598,weekender,1,2025-09-14,
4599,occasional,3,2025-04-26,2025-10-29
4600,occasional,3,2025-11-10,
4601,occasional,3,2025-06-19,
4602,occasional,1,2025-05-07,
4603,student,2,2025-12-19,2025-12-19
4604,commuter,1,2025-11-25,
4605,occasional,3,2025-02-14,
4606,occasional,3,2025-12-02,2026-01-26
4607,occasional,3,2025-08-01,
4608,student,2,2025-12-24,
4609,occasional,1,2026-02-26,
4610,occasional,3,2026-01-22,
4611,occasional,3,2025-03-07,
4612,weekender,3,2026-02-28,
4613,student,2,2025-02-22,2025-09-30
4614,occasional,1,2025-02-26,
4615,commuter,1,2025-09-06,2026-01-06
4616,weekender,1,2026-04-12,
4617,weekender,3,2025-09-16,2025-09-16
4618,commuter,1,2025-10-22,2025-10-22
4619,commuter,1,2025-10-03,2026-02-14
4620,occasional,3,2026-02-05,
4621,occasional,1,2025-09-02,
4622,weekender,3,2025-10-26,2025-10-26
4623,occasional,1,2025-10-14,
4624,commuter,1,2026-03-16,2026-03-16
4625,commuter,1,2025-04-15,2025-11-06
4626,student,2,2025-04-17,2025-11-15
4627,commuter,1,2026-04-08,2026-04-08
4628,weekender,2,2025-06-15,2025-09-28
4629,student,2,2026-04-04,2026-04-04
4630,occasional,3,2025-04-02,
4631,commuter,1,2025-04-09,2026-02-11
4632,commuter,1,2025-08-15,2025-10-17
4633,occasional,2,2026-01-17,
4634,commuter,1,2026-02-25,2026-02-25
4635,commuter,1,2026-01-17,
4636,commuter,1,2025-11-14,2025-11-14
4637,occasional,1,2025-01-15,2025-11-09
4638,student,2,2025-12-01,2025-12-13
4639,commuter,1,2025-11-10,2025-11-10
4640,occasional,1,2025-05-09,
4641,occasional,3,2025-05-19,
4642,student,2,2025-03-16,
4643,commuter,1,2025-06-26,2025-08-20
4644,student,2,2025-01-19,2025-08-26
4645,occasional,3,2025-08-09,
4646,occasional,1,2025-12-31,
4647,occasional,3,2025-03-21,
4648,student,2,2025-05-22,
4649,student,2,2025-05-13,
4650,occasional,2,2025-08-11,
4651,occasional,3,2025-09-18,
4652,occasional,3,2025-05-06,
4653,weekender,2,2025-08-08,2025-09-16
4654,occasional,1,2025-05-13,
4655,occasional,2,2025-07-02,
4656,occasional,3,2025-05-12,
4657,commuter,1,2025-02-10,2026-01-23
4658,student,2,2025-05-03,2026-01-09
4659,occasional,3,2025-10-27,
4660,occasional,3,2025-09-05,
4661,weekender,3,2025-07-05,
4662,commuter,1,2026-03-21,
4663,occasional,2,2025-09-01,
4664,student,2,2025-08-21,
4665,commuter,1,2025-11-20,2025-11-20
4666,commuter,1,2026-01-02,2026-01-21
4667,occasional,2,2025-07-18,
4668,student,2,2025-03-28,2025-09-22
4669,occasional,3,2025-05-13,
4670,commuter,1,2026-05-22,2026-05-22
4671,student,2,2025-02-03,2025-08-20
4672,student,2,2025-05-07,2025-12-04
4673,student,2,2026-01-29,2026-01-29
4674,weekender,2,2025-06-06,
4675,weekender,2,2025-11-17,
4676,occasional,3,2025-09-29,
4677,student,2,2025-09-27,2025-12-09
4678,student,2,2025-11-07,
4679,occasional,2,2026-03-08,2026-03-08
4680,occasional,1,2025-05-12,
4681,commuter,1,2025-12-05,2025-12-05
4682,weekender,3,2025-05-27,2025-11-26
4683,student,2,2025-07-05,2026-01-31
4684,occasional,3,2025-11-07,2025-11-07
4685,commuter,1,2025-01-14,
4686,occasional,3,2025-08-15,
4687,student,2,2026-04-07,2026-04-07
4688,student,2,2025-10-06,2025-10-06
4689,weekender,3,2025-10-22,
4690,occasional,1,2025-12-30,
4691,weekender,3,2025-06-02,
4692,student,2,2025-08-26,2025-08-26
4693,occasional,2,2026-04-23,
4694,occasional,2,2025-12-17,
4695,weekender,3,2025-08-18,2025-08-18
4696,occasional,3,2025-12-22,
4697,occasional,3,2025-06-20,
4698,occasional,3,2025-11-02,
4699,student,2,2025-12-04,2025-12-04
4700,occasional,2,2025-02-17,
4701,occasional,3,2026-04-06,
4702,commuter,1,2026-04-09,
4703,occasional,3,2025-07-01,
4704,occasional,3,2025-11-17,
4705,occasional,2,2025-09-01,
4706,student,2,2026-03-25,2026-03-25
4707,commuter,1,2025-08-28,2025-11-28
4708,occasional,3,2026-02-15,
4709,weekender,3,2025-03-28,2025-09-17
4710,weekender,2,2025-11-04,
4711,occasional,1,2025-10-24,
4712,weekender,3,2025-12-14,
4713,commuter,1,2025-06-09,2025-10-29
4714,student,2,2026-04-02,
4715,occasional,3,2025-10-29,
4716,commuter,1,2026-04-18,
4717,occasional,3,2025-02-21,
4718,student,2,2025-12-22,
4719,occasional,3,2025-03-21,
4720,weekender,2,2025-06-02,
4721,weekender,2,2025-11-04,
4722,commuter,1,2025-12-19,2025-12-19
4723,occasional,3,2025-06-01,
4724,occasional,3,2025-06-20,
4725,student,2,2025-05-27,2025-12-23
4726,student,2,2026-02-06,2026-02-06
4727,occasional,2,2025-07-02,2025-12-04
4728,student,2,2025-06-19,2025-10-16
4729,occasional,3,2025-04-22,
4730,weekender,1,2026-05-22,
4731,weekender,2,2025-08-06,2025-09-01
4732,commuter,1,2026-02-14,2026-02-14
4733,weekender,2,2025-04-20,2025-10-11
4734,student,2,2026-04-14,
4735,commuter,1,2025-11-26,
4736,weekender,2,2025-09-24,2025-09-24
4737,commuter,1,2026-03-19,2026-03-19
4738,student,2,2025-12-06,2025-12-06
4739,commuter,1,2025-06-06,2025-10-21
4740,occasional,1,2026-01-02,
4741,commuter,1,2025-03-31,
4742,occasional,2,2025-08-27,
4743,weekender,3,2026-01-13,
4744,weekender,2,2026-02-16,
4745,occasional,3,2025-12-31,
4746,commuter,1,2025-11-03,2026-02-01
4747,student,2,2025-11-19,
4748,student,2,2026-03-19,2026-03-19
4749,weekender,2,2026-01-11,
4750,occasional,3,2026-01-31,
4751,occasional,3,2025-10-13,
4752,student,2,2025-07-22,2025-10-13
4753,weekender,3,2025-09-15,
4754,occasional,3,2025-05-21,
4755,weekender,3,2025-07-05,
4756,occasional,3,2025-03-14,
4757,commuter,1,2025-12-29,2025-12-29
4758,occasional,3,2026-01-05,2026-01-27
4759,student,2,2025-08-09,2025-08-12
4760,weekender,1,2025-01-05,
4761,student,2,2026-04-22,2026-04-22
4762,student,2,2025-01-16,
4763,occasional,1,2025-05-23,
4764,occasional,2,2026-05-26,
4765,occasional,3,2026-01-21,
4766,student,2,2026-01-17,
4767,student,2,2025-11-23,2025-11-23
4768,occasional,2,2026-04-12,
4769,occasional,1,2025-02-15,
4770,occasional,1,2026-03-24,
4771,weekender,3,2025-09-29,2025-11-17
4772,weekender,1,2025-07-06,2026-01-07
4773,occasional,1,2026-05-15,2026-05-15
4774,commuter,1,2026-04-03,
4775,occasional,1,2025-09-13,
4776,student,2,2026-01-26,
4777,occasional,3,2025-07-04,
4778,occasional,3,2025-03-29,
4779,occasional,3,2025-10-24,
4780,commuter,1,2025-05-17,2025-08-17
4781,occasional,3,2025-08-23,
4782,weekender,3,2025-06-20,2025-09-13
4783,commuter,1,2025-12-28,2025-12-28
4784,student,2,2025-09-13,2026-01-29
4785,weekender,2,2026-04-12,
4786,commuter,1,2025-04-15,2025-10-03
4787,commuter,1,2025-10-15,2025-10-15
4788,occasional,3,2025-03-11,
4789,commuter,1,2026-04-05,2026-04-05
4790,occasional,1,2026-04-13,2026-04-13
4791,weekender,1,2025-06-05,2025-08-07
4792,commuter,1,2026-01-05,2026-01-27
4793,occasional,2,2025-10-11,
4794,student,2,2026-05-17,2026-05-17
4795,commuter,1,2025-07-24,2026-02-01
4796,occasional,1,2025-05-08,
4797,weekender,3,2025-12-14,
4798,occasional,3,2026-02-17,
4799,occasional,1,2026-04-18,
4800,occasional,2,2025-07-24,
4801,student,2,2025-05-10,2025-12-07
4802,student,2,2025-10-27,2026-02-12
4803,weekender,3,2026-04-29,
4804,weekender,3,2026-02-10,2026-02-10
4805,occasional,3,2025-03-28,
4806,occasional,2,2026-04-25,
4807,weekender,2,2025-01-20,
4808,occasional,3,2025-11-19,
4809,student,2,2026-05-23,
4810,commuter,1,2025-01-15,
4811,occasional,1,2026-03-26,
4812,occasional,3,2026-04-11,
4813,occasional,3,2025-05-27,2025-09-28
4814,commuter,1,2026-02-05,
4815,occasional,3,2026-05-07,
4816,weekender,3,2025-08-22,
4817,weekender,1,2025-07-04,
4818,weekender,3,2025-08-30,
4819,student,2,2025-11-14,2025-11-14
4820,student,2,2025-04-19,2025-10-26
4821,weekender,1,2026-01-15,
4822,student,2,2025-05-07,2026-02-05
4823,occasional,1,2025-03-28,
4824,occasional,3,2026-01-31,
4825,commuter,1,2026-04-25,2026-04-25
4826,commuter,1,2025-07-09,2026-01-25
4827,occasional,3,2026-03-29,2026-03-29
4828,commuter,1,2025-07-24,2025-09-22
4829,occasional,3,2025-11-05,
4830,weekender,2,2025-06-09,2025-11-02
4831,occasional,3,2025-07-12,
4832,weekender,3,2025-03-04,
4833,commuter,1,2025-06-25,
4834,weekender,3,2025-06-23,
4835,occasional,3,2025-07-26,
4836,commuter,1,2025-04-08,
4837,student,2,2025-08-23,
4838,student,2,2025-09-27,
4839,occasional,1,2025-12-15,
4840,student,2,2025-09-25,2025-09-25
4841,commuter,1,2026-05-02,2026-05-02
4842,occasional,3,2026-04-23,
4843,occasional,2,2025-05-08,
4844,occasional,3,2025-05-11,
4845,commuter,1,2026-03-30,2026-03-30
4846,weekender,2,2025-04-27,2025-11-22
4847,occasional,2,2025-09-28,
4848,occasional,3,2025-04-08,
4849,occasional,1,2025-07-16,
4850,student,2,2025-09-17,
4851,occasional,2,2025-08-01,
4852,commuter,1,2025-09-15,2025-09-15
4853,weekender,1,2026-02-21,
4854,occasional,3,2025-01-06,
4855,occasional,3,2025-06-01,
4856,weekender,3,2026-01-03,
4857,weekender,2,2025-10-15,
4858,weekender,3,2025-08-19,
4859,occasional,2,2026-04-04,
4860,commuter,1,2025-02-24,2025-09-10
4861,weekender,3,2026-03-25,2026-03-25
4862,occasional,1,2025-10-07,
4863,occasional,3,2026-03-18,2026-03-18
4864,student,2,2026-03-28,
4865,weekender,2,2025-09-09,
4866,weekender,2,2025-08-13,2025-12-27
4867,occasional,1,2025-09-19,
4868,student,2,2026-05-15,2026-05-15
4869,occasional,3,2026-02-03,
4870,weekender,3,2025-02-05,2025-11-17
4871,weekender,2,2025-11-08,
4872,commuter,1,2026-02-08,2026-02-08
4873,occasional,1,2025-11-15,
4874,weekender,3,2025-10-02,
4875,commuter,1,2025-12-25,2025-12-25
4876,student,2,2025-11-20,
4877,occasional,2,2025-12-29,
4878,weekender,3,2025-12-12,2026-01-11
4879,occasional,3,2025-06-17,
4880,student,2,2025-02-08,
4881,occasional,3,2026-05-01,
4882,student,2,2025-06-01,2025-10-02
4883,occasional,1,2026-02-12,
4884,commuter,1,2025-01-17,
4885,occasional,1,2026-01-13,2026-01-13
4886,weekender,3,2026-03-04,2026-03-04
4887,student,2,2025-08-17,2025-09-07
4888,occasional,3,2025-10-31,2025-11-01
4889,weekender,1,2026-03-02,
4890,occasional,3,2025-10-28,
4891,student,2,2025-01-07,
4892,commuter,1,2025-10-08,
4893,occasional,2,2025-12-13,
4894,student,2,2025-01-09,
4895,weekender,3,2026-03-02,2026-03-02
4896,student,2,2025-05-25,
4897,occasional,2,2025-12-20,
4898,weekender,1,2025-09-09,2025-11-15
4899,weekender,3,2025-02-10,
4900,occasional,3,2025-03-20,
4901,occasional,2,2025-01-24,
4902,commuter,1,2025-06-17,2025-09-06
4903,student,2,2026-04-25,2026-04-25
4904,occasional,3,2025-12-15,
4905,weekender,2,2026-02-10,
4906,occasional,1,2025-04-23,
4907,weekender,3,2025-06-17,2025-10-19
4908,student,2,2025-11-30,2026-02-12
4909,occasional,2,2026-04-12,
4910,occasional,3,2025-02-14,
4911,occasional,3,2026-04-29,
4912,weekender,3,2025-04-19,
4913,student,2,2025-07-10,2026-01-13
4914,occasional,3,2025-03-24,2025-12-19
4915,occasional,3,2025-03-17,
4916,occasional,1,2025-02-12,
4917,student,2,2025-04-28,
4918,occasional,2,2025-04-10,2025-11-24
4919,student,2,2025-07-20,2025-09-20
4920,weekender,3,2025-04-27,
4921,student,2,2025-11-19,
4922,occasional,3,2026-01-07,2026-01-07
4923,student,2,2025-08-09,
4924,student,2,2025-10-24,
4925,student,2,2026-01-13,2026-01-13
4926,student,2,2025-07-06,2025-12-21
4927,occasional,1,2025-10-17,
4928,occasional,2,2025-08-07,
4929,occasional,3,2026-05-25,
4930,occasional,3,2026-05-18,
4931,commuter,1,2025-12-16,2025-12-16
4932,weekender,2,2025-05-08,2025-08-10
4933,student,2,2025-09-03,2026-01-12
4934,occasional,2,2025-08-25,
4935,student,2,2025-10-22,
4936,student,2,2025-10-15,2025-11-28
4937,weekender,2,2026-05-25,2026-05-25
4938,occasional,1,2025-03-10,
4939,commuter,1,2025-01-20,2025-12-28
4940,student,2,2025-08-18,
4941,student,2,2025-11-03,
4942,commuter,1,2025-03-12,2025-08-19
4943,student,2,2025-10-26,
4944,student,2,2025-03-30,
4945,occasional,3,2026-05-23,
4946,occasional,3,2025-07-17,
4947,weekender,3,2025-03-16,
4948,occasional,3,2025-02-11,
4949,weekender,3,2025-10-19,
4950,weekender,1,2025-03-22,
4951,occasional,2,2025-06-23,
4952,occasional,2,2025-09-02,
4953,weekender,2,2026-01-15,
4954,student,2,2025-12-02,2025-12-20
4955,weekender,1,2025-04-15,
4956,commuter,1,2025-03-10,2025-10-05
4957,occasional,2,2026-03-07,
4958,weekender,3,2025-11-15,2026-01-11
4959,occasional,2,2026-05-08,
4960,student,2,2025-04-03,
4961,weekender,3,2026-01-01,
4962,occasional,3,2026-05-28,
4963,occasional,1,2026-05-06,
4964,occasional,1,2025-12-21,2025-12-21
4965,occasional,3,2025-04-10,
4966,weekender,3,2025-07-17,
4967,occasional,1,2025-07-08,
4968,weekender,2,2025-12-29,
4969,weekender,1,2025-02-28,
4970,student,2,2025-07-23,2025-11-16
4971,commuter,1,2026-02-23,2026-02-23
4972,student,2,2025-05-04,2025-09-19
4973,weekender,3,2025-04-06,
4974,commuter,1,2026-04-24,
4975,occasional,3,2026-02-26,
4976,occasional,3,2026-02-05,
4977,weekender,1,2025-06-26,
4978,occasional,2,2025-09-13,
4979,occasional,2,2025-11-27,2025-11-27
4980,weekender,3,2026-02-05,
4981,occasional,1,2026-04-20,
4982,occasional,3,2026-03-08,2026-03-08
4983,commuter,1,2025-07-20,
4984,weekender,3,2025-02-27,
4985,occasional,3,2025-11-17,
4986,occasional,3,2025-06-16,2026-01-29
4987,student,2,2025-04-19,
4988,occasional,2,2025-07-31,
4989,student,2,2025-12-06,2026-01-10
4990,student,2,2025-07-05,2025-08-23
4991,occasional,3,2026-05-05,
4992,commuter,1,2025-06-02,2025-09-09
4993,occasional,3,2026-04-22,
4994,weekender,1,2026-02-24,
4995,weekender,3,2025-04-30,
4996,student,2,2026-03-04,
4997,weekender,1,2025-12-19,
4998,occasional,1,2026-05-18,
4999,occasional,3,2025-06-20,
5000,occasional,3,2025-01-24,
5001,occasional,1,2025-04-02,
5002,occasional,3,2025-06-11,2026-02-01
5003,commuter,1,2025-06-21,2025-12-17
5004,occasional,2,2025-06-13,2025-11-04
5005,weekender,2,2025-05-25,
5006,occasional,3,2025-10-06,
5007,weekender,2,2025-10-05,2025-10-05
5008,commuter,1,2025-01-04,
5009,weekender,3,2025-06-17,
5010,commuter,1,2026-01-19,2026-01-19
5011,occasional,3,2026-02-16,
5012,weekender,2,2026-02-10,2026-02-10
5013,occasional,3,2025-01-03,
5014,commuter,1,2025-01-11,
5015,student,2,2026-02-15,2026-02-15
5016,commuter,1,2026-03-05,2026-03-05
5017,commuter,1,2026-02-16,2026-02-16
5018,student,2,2025-12-18,
5019,commuter,1,2026-01-04,
5020,student,2,2025-06-26,2026-01-03
5021,weekender,3,2025-03-16,
5022,weekender,1,2025-01-23,2025-11-03
5023,commuter,1,2026-01-19,
5024,commuter,1,2025-10-01,2025-10-08
5025,commuter,1,2025-02-10,2025-09-19
5026,occasional,1,2025-06-30,
5027,student,2,2025-01-19,2026-02-10
5028,occasional,1,2025-12-17,
5029,student,2,2026-01-28,2026-01-28
5030,occasional,2,2025-05-06,2025-11-25
5031,occasional,3,2025-01-09,
5032,occasional,2,2025-10-05,
5033,weekender,1,2025-04-08,
5034,student,2,2025-12-29,2026-02-02
5035,commuter,1,2025-08-25,2025-08-25
5036,commuter,1,2025-09-25,
5037,weekender,1,2025-04-05,
5038,occasional,2,2026-03-07,
5039,student,2,2026-03-21,2026-03-21
5040,occasional,3,2026-04-21,
5041,student,2,2026-04-12,
5042,occasional,2,2025-08-21,
5043,occasional,1,2026-03-10,
5044,commuter,1,2025-10-27,
5045,occasional,3,2026-02-22,
5046,occasional,2,2025-01-30,
5047,student,2,2025-05-12,
5048,weekender,2,2025-11-27,2025-12-10
5049,occasional,3,2025-03-06,2025-11-21
5050,weekender,1,2025-09-24,2025-12-21
5051,occasional,2,2025-06-23,
5052,commuter,1,2025-04-22,2025-08-27
5053,occasional,2,2026-01-26,
5054,commuter,1,2026-02-24,2026-02-24
5055,student,2,2025-05-09,2025-09-02
5056,occasional,3,2025-01-04,
5057,student,2,2025-06-23,2026-01-14
5058,occasional,2,2025-07-21,
5059,student,2,2026-04-04,
5060,student,2,2025-02-04,2026-01-25
5061,occasional,3,2025-07-03,
5062,occasional,2,2026-01-23,
5063,student,2,2025-08-29,2025-11-23
5064,commuter,1,2025-12-18,2025-12-18
5065,weekender,1,2025-01-13,
5066,student,2,2025-05-23,2026-01-22
5067,occasional,1,2025-05-25,2026-01-24
5068,occasional,3,2025-05-18,
5069,weekender,2,2025-06-02,
5070,occasional,3,2025-03-21,
5071,student,2,2025-07-02,
5072,occasional,1,2025-10-04,
5073,student,2,2025-12-01,2025-12-01
5074,commuter,1,2025-09-06,2026-01-06
5075,commuter,1,2025-04-27,2025-09-06
5076,commuter,1,2026-01-27,
5077,commuter,1,2025-07-14,2025-11-09
5078,occasional,3,2025-02-02,
5079,commuter,1,2025-01-19,2025-10-20
5080,occasional,3,2025-05-10,
5081,occasional,3,2025-09-12,
5082,weekender,3,2025-05-16,
5083,weekender,3,2025-07-15,
5084,occasional,3,2026-04-12,
5085,student,2,2025-09-02,
5086,student,2,2025-03-08,2025-11-24
5087,commuter,1,2025-01-26,2026-01-08
5088,commuter,1,2025-07-09,2025-12-28
5089,weekender,3,2026-03-25,
5090,student,2,2025-01-15,2026-01-06
5091,occasional,3,2026-05-21,
5092,occasional,2,2026-03-08,
5093,student,2,2026-01-27,2026-01-27
5094,occasional,2,2026-04-07,
5095,occasional,2,2025-06-14,
5096,occasional,2,2025-03-22,
5097,occasional,3,2025-02-02,
5098,student,2,2026-01-15,
5099,weekender,3,2025-09-08,
5100,weekender,3,2025-10-29,2026-01-03
5101,commuter,1,2025-12-20,2025-12-20
5102,occasional,1,2025-05-29,
5103,commuter,1,2026-01-26,2026-01-26
5104,student,2,2025-11-01,
5105,occasional,3,2025-09-18,
5106,occasional,3,2025-12-24,
5107,occasional,1,2025-02-10,
5108,occasional,1,2025-05-10,
5109,weekender,3,2026-01-14,2026-01-14
5110,weekender,1,2025-06-12,
5111,student,2,2025-12-17,2025-12-21
5112,commuter,1,2025-04-01,
5113,commuter,1,2025-08-02,2025-10-27
5114,student,2,2025-01-17,
5115,occasional,2,2025-11-07,
5116,commuter,1,2025-02-15,
5117,weekender,3,2026-01-19,
5118,occasional,3,2026-05-29,
5119,occasional,3,2025-10-17,
5120,commuter,1,2026-03-09,2026-03-09
5121,occasional,1,2025-12-15,
5122,occasional,3,2025-07-04,
5123,student,2,2026-02-17,
5124,student,2,2025-10-16,
5125,occasional,1,2026-05-01,
5126,occasional,3,2025-04-29,
5127,occasional,1,2025-07-02,
5128,student,2,2025-05-10,2025-09-29
5129,commuter,1,2025-08-16,2025-08-22
5130,occasional,2,2025-10-05,
5131,student,2,2025-10-27,2025-10-27
5132,occasional,3,2025-12-12,
5133,occasional,2,2025-10-07,
5134,weekender,3,2025-08-17,
5135,weekender,2,2025-03-14,
5136,student,2,2025-12-09,
5137,commuter,1,2025-07-15,
5138,commuter,1,2025-10-07,2025-10-07
5139,occasional,2,2026-04-07,2026-04-07
5140,student,2,2026-05-14,
5141,weekender,2,2025-08-28,2025-11-14
5142,weekender,1,2025-02-20,
5143,occasional,3,2026-02-02,2026-02-02
5144,weekender,3,2025-03-18,
5145,occasional,3,2025-03-10,
5146,occasional,3,2025-07-20,
5147,student,2,2025-10-18,
5148,occasional,2,2025-07-12,2025-08-09
5149,commuter,1,2026-02-22,
5150,commuter,1,2025-12-25,2025-12-25
5151,occasional,3,2026-02-06,
5152,student,2,2025-12-19,
5153,weekender,2,2025-06-24,
5154,commuter,1,2025-12-24,
5155,student,2,2025-01-05,
5156,occasional,2,2025-09-18,
5157,occasional,3,2026-02-23,
5158,occasional,3,2025-01-12,
5159,student,2,2025-02-18,
5160,occasional,3,2026-03-29,
5161,occasional,2,2025-10-15,
5162,commuter,1,2026-05-29,
5163,occasional,2,2025-09-22,
5164,weekender,2,2025-02-07,
5165,commuter,1,2025-06-14,2025-09-21
5166,student,2,2026-04-18,2026-04-18
5167,weekender,3,2025-06-11,
5168,weekender,1,2025-07-09,2026-01-28
5169,occasional,2,2025-01-24,
5170,weekender,3,2025-07-09,
5171,student,2,2025-04-12,
5172,occasional,1,2025-08-23,
5173,weekender,1,2025-11-30,
5174,weekender,3,2025-10-20,
5175,student,2,2025-02-21,
5176,occasional,1,2026-05-24,
5177,occasional,3,2025-11-27,
5178,weekender,2,2025-01-31,2026-01-29
5179,student,2,2026-05-14,2026-05-14
5180,weekender,3,2025-04-12,
5181,occasional,3,2026-05-30,
5182,occasional,2,2026-01-09,
5183,occasional,2,2025-06-18,
5184,weekender,1,2025-12-25,
5185,occasional,2,2025-03-24,
5186,weekender,1,2025-10-12,2025-12-11
5187,occasional,1,2025-06-23,
5188,weekender,3,2025-10-31,
5189,weekender,3,2025-06-08,
5190,weekender,2,2025-10-31,2025-10-31
5191,weekender,2,2025-10-14,2025-10-14
5192,student,2,2026-05-17,
5193,occasional,1,2026-04-08,2026-04-08
5194,student,2,2025-05-14,
5195,occasional,3,2025-03-09,
5196,occasional,1,2025-02-13,
5197,occasional,3,2026-01-07,
5198,occasional,3,2026-01-09,
5199,occasional,1,2025-02-03,
5200,occasional,1,2026-05-20,
5201,weekender,2,2026-01-05,
5202,commuter,1,2025-02-17,
5203,weekender,1,2025-05-27,
5204,student,2,2025-04-29,
5205,occasional,3,2025-12-18,
5206,student,2,2025-04-08,
5207,occasional,2,2025-04-14,
5208,student,2,2025-09-15,2025-09-15
5209,occasional,1,2026-02-28,
5210,occasional,2,2025-07-02,
5211,weekender,3,2025-11-28,2026-01-15
5212,occasional,3,2025-04-04,
5213,student,2,2025-11-10,2025-11-10
5214,commuter,1,2025-07-30,2025-08-30
5215,occasional,3,2025-05-10,
5216,student,2,2025-03-21,
5217,weekender,3,2026-04-11,
5218,occasional,1,2026-03-25,
5219,student,2,2026-01-17,2026-01-17
5220,weekender,3,2026-05-29,
5221,weekender,1,2025-01-19,
5222,weekender,3,2025-02-16,
5223,occasional,1,2025-11-28,
5224,weekender,3,2025-12-15,2025-12-15
5225,weekender,3,2025-07-11,
5226,occasional,1,2025-04-07,
5227,occasional,3,2025-07-17,
5228,occasional,1,2025-04-15,
5229,student,2,2025-12-17,
5230,student,2,2025-09-15,2026-01-01
5231,weekender,2,2026-03-01,
5232,occasional,1,2026-03-28,
5233,occasional,3,2025-07-06,
5234,commuter,1,2025-01-25,
5235,occasional,2,2025-08-11,
5236,weekender,1,2026-05-05,2026-05-05
5237,student,2,2025-04-20,
5238,occasional,2,2025-07-12,2025-10-14
5239,student,2,2025-03-11,
5240,occasional,2,2025-12-05,
5241,occasional,2,2026-04-30,
5242,occasional,3,2025-01-23,2025-12-02
5243,occasional,1,2026-01-24,
5244,occasional,2,2025-11-25,2026-01-26
5245,student,2,2025-01-10,
5246,weekender,3,2025-04-29,
5247,weekender,1,2025-03-10,
5248,occasional,2,2025-06-04,
5249,occasional,2,2025-07-28,
5250,weekender,3,2025-08-16,
5251,occasional,1,2026-05-23,
5252,weekender,1,2025-11-14,
5253,occasional,3,2025-06-08,
5254,weekender,3,2025-11-28,2025-11-28
5255,student,2,2025-08-02,2025-10-16
5256,weekender,1,2026-02-22,
5257,weekender,1,2025-08-14,
5258,weekender,1,2025-02-28,
5259,occasional,3,2025-09-15,
5260,weekender,3,2025-06-22,
5261,weekender,1,2025-07-13,
5262,commuter,1,2025-12-09,2025-12-20
5263,occasional,1,2025-05-04,
5264,occasional,3,2025-07-13,
5265,occasional,2,2025-05-21,
5266,occasional,3,2026-04-13,
5267,student,2,2025-01-06,2025-12-05
5268,occasional,3,2026-05-08,
5269,commuter,1,2025-01-09,2025-08-30
5270,occasional,2,2026-04-08,
5271,occasional,3,2026-03-09,2026-03-09
5272,occasional,1,2026-02-13,
5273,student,2,2025-11-20,
5274,commuter,1,2025-12-17,2026-01-20
5275,occasional,3,2026-03-08,
5276,commuter,1,2025-12-13,2026-01-13
5277,occasional,3,2025-11-02,
5278,student,2,2025-02-11,
5279,commuter,1,2026-05-04,
5280,student,2,2025-04-09,2025-08-21
5281,commuter,1,2025-04-12,2025-11-04
5282,weekender,3,2026-04-21,
5283,student,2,2026-02-25,2026-02-25
5284,student,2,2025-10-08,
5285,commuter,1,2025-04-27,
5286,occasional,2,2025-12-30,
5287,occasional,3,2025-06-16,
5288,weekender,1,2025-07-07,
5289,weekender,1,2025-03-26,2025-12-12
5290,occasional,2,2025-01-29,
5291,occasional,1,2025-09-05,
5292,occasional,2,2025-04-27,
5293,weekender,3,2026-05-30,
5294,occasional,1,2025-09-19,
5295,occasional,1,2025-02-16,
5296,student,2,2025-03-02,2025-11-18
5297,occasional,3,2025-07-18,
5298,occasional,2,2026-04-24,
5299,occasional,3,2025-10-14,
5300,weekender,2,2025-01-30,
5301,weekender,2,2025-04-24,
5302,commuter,1,2025-08-17,2025-09-05
5303,weekender,2,2025-07-03,
5304,student,2,2025-11-16,
5305,occasional,3,2025-03-16,
5306,occasional,3,2026-05-08,
5307,occasional,2,2025-08-16,
5308,commuter,1,2026-02-18,2026-02-18
5309,occasional,2,2025-10-15,
5310,occasional,2,2025-03-02,2025-12-13
5311,student,2,2026-01-08,
5312,weekender,2,2025-10-18,
5313,weekender,3,2025-01-17,2025-08-28
5314,student,2,2025-12-20,2025-12-20
5315,weekender,1,2026-05-09,2026-05-09
5316,occasional,3,2025-01-15,
5317,student,2,2025-12-06,
5318,occasional,2,2026-04-25,
5319,occasional,3,2026-03-19,
5320,occasional,2,2025-10-21,
5321,weekender,3,2026-03-26,
5322,occasional,2,2025-10-30,
5323,occasional,3,2026-05-02,
5324,student,2,2026-03-03,
5325,occasional,1,2026-03-10,
5326,commuter,1,2025-12-09,
5327,occasional,3,2025-01-27,
5328,weekender,1,2026-02-15,2026-02-15
5329,occasional,3,2026-05-03,
5330,weekender,3,2025-05-15,
5331,occasional,1,2025-05-01,
5332,student,2,2026-04-27,
5333,student,2,2025-12-13,2025-12-13
5334,occasional,3,2026-05-14,
5335,student,2,2025-03-13,
5336,student,2,2025-08-18,2025-08-25
5337,weekender,2,2025-02-20,
5338,occasional,1,2025-04-18,
5339,occasional,2,2026-05-10,
5340,student,2,2025-10-08,
5341,occasional,1,2025-09-27,
5342,weekender,3,2026-04-28,
5343,commuter,1,2025-03-16,
5344,occasional,2,2026-03-11,
5345,occasional,3,2025-12-18,
5346,commuter,1,2026-05-09,
5347,occasional,2,2025-08-04,
5348,weekender,3,2025-01-07,
5349,student,2,2026-01-11,2026-01-11
5350,occasional,3,2025-07-31,
5351,weekender,1,2025-04-05,2025-11-16
5352,occasional,1,2025-05-30,
5353,occasional,2,2025-03-11,
5354,student,2,2025-05-21,
5355,student,2,2026-02-24,2026-02-24
5356,occasional,3,2025-05-07,
5357,occasional,3,2025-12-28,
5358,commuter,1,2025-06-26,
5359,student,2,2025-04-12,2025-09-01
5360,weekender,2,2025-12-18,
5361,occasional,2,2026-02-27,
5362,occasional,1,2026-02-04,
5363,occasional,2,2026-01-26,
5364,weekender,3,2025-04-03,2025-11-05
5365,occasional,1,2025-01-03,
5366,occasional,1,2025-12-05,
5367,weekender,1,2025-01-23,
5368,occasional,3,2025-12-12,2025-12-12
5369,student,2,2025-07-26,2025-09-24
5370,weekender,3,2026-05-04,
5371,student,2,2025-01-03,2025-09-06
5372,commuter,1,2025-06-04,2025-09-22
5373,weekender,3,2026-05-26,
5374,occasional,3,2026-02-06,
5375,occasional,1,2025-03-06,
5376,occasional,2,2025-05-31,
5377,commuter,1,2025-12-17,
5378,occasional,2,2025-02-20,
5379,occasional,2,2025-04-16,
5380,occasional,2,2025-03-20,
5381,commuter,1,2025-06-05,2025-12-14
5382,weekender,1,2025-02-17,2026-02-10
5383,student,2,2025-05-09,
5384,commuter,1,2025-05-19,2025-11-07
5385,occasional,3,2025-10-29,
5386,occasional,3,2026-01-15,
5387,occasional,3,2026-02-24,
5388,occasional,2,2025-12-05,
5389,student,2,2025-11-25,
5390,commuter,1,2026-05-07,2026-05-07
5391,weekender,2,2025-12-04,
5392,occasional,1,2025-03-24,
5393,occasional,1,2026-03-10,
5394,student,2,2025-01-13,2026-01-27
5395,student,2,2026-01-22,
5396,weekender,3,2025-01-17,
5397,occasional,1,2025-04-24,2025-11-14
5398,occasional,3,2025-12-15,
5399,student,2,2025-12-04,
5400,weekender,3,2025-04-12,2025-10-15
5401,student,2,2026-03-27,
5402,occasional,1,2025-03-20,
5403,commuter,1,2025-03-30,2025-09-24
5404,student,2,2026-01-29,
5405,occasional,2,2025-12-01,
5406,occasional,1,2025-11-19,
5407,commuter,1,2025-11-22,2025-11-22
5408,commuter,1,2025-10-20,2025-10-20
5409,occasional,3,2025-01-20,
5410,occasional,3,2026-02-27,
5411,occasional,2,2026-02-23,2026-02-23
5412,occasional,3,2026-05-21,
5413,commuter,1,2025-01-24,
5414,student,2,2025-05-11,
5415,occasional,3,2026-01-11,
5416,student,2,2026-01-29,2026-01-29
5417,student,2,2025-12-13,
5418,occasional,3,2026-03-29,
5419,occasional,2,2025-11-20,
5420,occasional,1,2025-03-22,
5421,student,2,2026-01-01,
5422,occasional,2,2026-02-17,
5423,student,2,2026-05-12,2026-05-12
5424,occasional,3,2025-02-17,
5425,occasional,2,2025-10-09,
5426,student,2,2025-02-03,2025-12-24
5427,weekender,3,2026-01-01,
5428,occasional,3,2025-11-17,
5429,occasional,3,2026-01-22,2026-01-22
5430,student,2,2025-06-09,
5431,commuter,1,2026-01-16,2026-01-16
5432,commuter,1,2025-04-11,
5433,occasional,1,2025-02-12,
5434,commuter,1,2025-12-04,2025-12-04
5435,commuter,1,2025-08-11,2025-08-11
5436,student,2,2025-06-21,
5437,commuter,1,2025-03-31,
5438,student,2,2025-03-28,
5439,commuter,1,2026-03-28,
5440,student,2,2025-08-08,
5441,occasional,3,2025-06-09,
5442,occasional,1,2026-02-13,
5443,occasional,1,2026-01-04,
5444,student,2,2025-09-19,2025-11-08
5445,occasional,2,2025-07-17,
5446,weekender,2,2025-03-09,
5447,commuter,1,2025-07-18,2025-10-07
5448,occasional,3,2025-11-22,2025-11-22
5449,occasional,3,2025-04-15,
5450,occasional,3,2025-02-03,
5451,student,2,2025-11-12,
5452,commuter,1,2025-02-23,2025-11-28
5453,occasional,3,2025-08-02,
5454,weekender,1,2025-04-08,
5455,occasional,2,2025-08-23,2025-12-08
5456,occasional,2,2025-07-15,
5457,occasional,2,2026-02-19,2026-02-19
5458,occasional,1,2025-07-18,
5459,occasional,1,2025-05-16,
5460,occasional,2,2025-10-07,
5461,student,2,2025-05-22,
5462,occasional,1,2026-02-28,
5463,commuter,1,2025-03-17,2025-12-15
5464,occasional,3,2026-03-10,
5465,occasional,3,2025-06-01,
5466,occasional,3,2025-08-01,
5467,commuter,1,2026-04-04,2026-04-04
5468,student,2,2025-06-30,
5469,commuter,1,2026-01-06,2026-01-06
5470,occasional,2,2025-04-27,
5471,occasional,2,2025-11-08,
5472,commuter,1,2026-01-04,2026-01-04
5473,student,2,2025-09-25,2025-11-19
5474,commuter,1,2026-04-11,2026-04-11
5475,occasional,3,2025-04-16,2025-10-09
5476,occasional,3,2026-04-06,
5477,commuter,1,2025-10-08,2026-02-15
5478,student,2,2025-05-22,
5479,commuter,1,2025-06-28,
5480,occasional,3,2026-01-15,
5481,student,2,2026-05-03,
5482,student,2,2025-03-08,2025-12-16
5483,commuter,1,2025-03-22,
5484,occasional,3,2026-03-20,
5485,occasional,2,2026-01-24,
5486,student,2,2025-01-26,
5487,occasional,1,2026-02-11,
5488,weekender,3,2025-04-06,
5489,occasional,3,2026-03-07,
5490,occasional,1,2025-03-07,
5491,commuter,1,2026-03-31,2026-03-31
5492,commuter,1,2025-11-27,2025-11-27
5493,student,2,2025-07-31,
5494,occasional,2,2026-01-27,
5495,student,2,2026-02-01,2026-02-01
5496,occasional,1,2025-12-24,
5497,occasional,2,2026-01-17,
5498,occasional,3,2025-02-07,
5499,commuter,1,2025-05-23,2026-01-16
5500,occasional,2,2026-02-11,
5501,weekender,3,2025-12-08,2025-12-08
5502,occasional,3,2025-10-13,
5503,student,2,2025-04-09,2025-10-20
5504,occasional,2,2026-02-24,2026-02-24
5505,commuter,1,2025-08-27,2025-08-27
5506,weekender,2,2025-01-06,
5507,student,2,2025-06-23,2026-01-19
5508,occasional,3,2026-01-29,
5509,occasional,3,2025-02-16,
5510,occasional,1,2026-03-27,
5511,weekender,3,2025-11-23,
5512,student,2,2025-08-23,
5513,occasional,3,2025-01-21,
5514,occasional,1,2025-07-11,
5515,student,2,2026-04-06,2026-04-06
5516,weekender,2,2025-07-08,
5517,commuter,1,2025-05-21,
5518,occasional,2,2026-01-02,
5519,commuter,1,2026-01-21,
5520,occasional,2,2026-05-29,
5521,weekender,3,2025-09-16,2025-09-16
5522,occasional,3,2025-10-04,
5523,weekender,3,2026-04-12,
5524,commuter,1,2025-06-24,
5525,occasional,3,2026-05-20,
5526,occasional,3,2025-11-19,
5527,student,2,2026-01-25,2026-01-25
5528,occasional,3,2026-01-13,
5529,occasional,3,2025-11-04,
5530,weekender,3,2026-02-09,2026-02-09
5531,occasional,2,2026-02-03,2026-02-03
5532,student,2,2025-12-25,2025-12-25
5533,student,2,2025-05-03,2025-09-09
5534,occasional,1,2026-04-22,
5535,student,2,2026-03-18,
5536,weekender,2,2026-01-25,
5537,commuter,1,2026-03-01,2026-03-01
5538,occasional,1,2026-02-05,
5539,weekender,1,2025-12-30,2025-12-30
5540,commuter,1,2025-10-19,
5541,occasional,1,2025-11-20,
5542,occasional,3,2025-02-08,
5543,student,2,2026-05-22,2026-05-22
5544,student,2,2025-08-02,2025-08-04
5545,commuter,1,2026-02-23,2026-02-23
5546,student,2,2025-10-01,
5547,occasional,3,2025-11-10,
5548,occasional,1,2025-06-04,
5549,student,2,2025-04-24,
5550,occasional,2,2026-04-06,
5551,weekender,1,2026-02-05,2026-02-05
5552,occasional,1,2025-04-25,2025-10-29
5553,occasional,3,2025-05-01,
5554,student,2,2025-01-22,2026-02-09
5555,weekender,2,2026-05-05,
5556,commuter,1,2026-05-26,2026-05-26
5557,occasional,3,2025-02-19,
5558,occasional,1,2025-09-11,
5559,student,2,2025-09-25,2026-02-16
5560,occasional,1,2026-03-30,
5561,student,2,2025-06-07,
5562,occasional,2,2026-01-13,2026-01-13
5563,occasional,3,2025-05-01,
5564,student,2,2026-02-01,2026-02-01
5565,weekender,3,2026-02-09,2026-02-09
5566,occasional,1,2025-04-05,
5567,occasional,2,2025-09-14,
5568,occasional,2,2025-05-20,
5569,occasional,3,2025-08-22,
5570,student,2,2025-11-18,2025-11-18
5571,student,2,2025-02-11,
5572,occasional,1,2025-03-08,2025-11-28
5573,occasional,1,2025-11-22,
5574,weekender,3,2025-05-18,
5575,weekender,1,2025-05-03,
5576,commuter,1,2025-05-19,2025-11-23
5577,occasional,2,2026-01-24,
5578,commuter,1,2025-12-01,
5579,occasional,3,2025-05-09,
5580,occasional,1,2025-02-21,
5581,weekender,1,2025-12-29,
5582,weekender,2,2025-01-10,
5583,student,2,2025-07-18,
5584,occasional,3,2026-02-22,
5585,occasional,3,2025-07-05,
5586,weekender,1,2025-06-09,2025-11-22
5587,weekender,1,2026-01-07,
5588,occasional,1,2026-01-30,
5589,student,2,2025-05-08,
5590,commuter,1,2025-09-19,
5591,commuter,1,2026-02-15,2026-02-15
5592,occasional,3,2025-05-05,
5593,occasional,2,2025-08-04,
5594,weekender,1,2025-08-28,
5595,commuter,1,2025-04-16,2026-01-07
5596,occasional,2,2025-11-11,2026-01-10
5597,occasional,2,2026-03-09,
5598,occasional,3,2025-08-02,
5599,occasional,1,2025-09-02,
5600,occasional,3,2025-07-01,
5601,commuter,1,2026-05-16,2026-05-16
5602,student,2,2026-01-26,2026-01-26
5603,student,2,2025-05-27,2025-09-02
5604,occasional,3,2025-05-27,
5605,student,2,2025-02-22,2025-10-09
5606,occasional,1,2025-04-21,
5607,commuter,1,2025-01-03,
5608,student,2,2025-03-15,2025-10-22
5609,weekender,3,2025-08-11,2025-09-24
5610,weekender,3,2025-12-07,2025-12-07
5611,occasional,3,2025-06-07,
5612,commuter,1,2026-05-24,2026-05-24
5613,occasional,3,2025-10-18,
5614,occasional,2,2025-04-07,
5615,occasional,3,2025-10-27,
5616,student,2,2025-12-01,
5617,occasional,2,2025-11-10,
5618,occasional,3,2026-03-03,
5619,student,2,2026-04-28,
5620,student,2,2025-06-02,
5621,occasional,1,2026-05-01,
5622,occasional,3,2026-01-22,
5623,student,2,2026-01-04,2026-01-04
5624,occasional,3,2025-03-24,
5625,weekender,2,2026-01-31,
5626,weekender,2,2025-04-06,
5627,occasional,1,2025-06-05,
5628,weekender,1,2025-11-11,
5629,student,2,2025-09-20,
5630,occasional,3,2025-12-03,
5631,student,2,2026-04-20,
5632,occasional,3,2025-10-22,
5633,occasional,2,2025-07-30,2025-12-12
5634,commuter,1,2026-01-25,
5635,student,2,2025-05-12,2025-11-11
5636,occasional,3,2025-05-04,
5637,commuter,1,2026-02-09,2026-02-09
5638,weekender,1,2025-07-06,2025-11-01
5639,occasional,3,2025-03-24,
5640,commuter,1,2025-10-11,2026-01-08
5641,commuter,1,2026-04-24,2026-04-24
5642,student,2,2025-08-11,
5643,commuter,1,2026-04-03,2026-04-03
5644,commuter,1,2026-03-07,2026-03-07
5645,weekender,2,2025-10-25,2025-11-29
5646,weekender,1,2025-04-15,2025-08-05
5647,occasional,1,2025-05-05,
5648,occasional,2,2025-08-22,
5649,commuter,1,2025-04-03,
5650,weekender,3,2025-06-03,
5651,student,2,2025-06-04,
5652,student,2,2025-06-24,2025-09-11
5653,student,2,2025-10-09,2026-01-10
5654,weekender,3,2026-04-14,2026-04-14
5655,commuter,1,2026-01-16,2026-01-16
5656,occasional,2,2025-11-01,
5657,weekender,3,2026-03-26,
5658,student,2,2025-10-24,
5659,weekender,3,2026-01-15,
5660,occasional,2,2025-10-22,
5661,weekender,3,2026-03-31,
5662,weekender,2,2026-04-21,
5663,occasional,1,2025-12-08,
5664,commuter,1,2025-04-15,
5665,occasional,1,2025-07-19,
5666,occasional,3,2025-03-11,
5667,student,2,2025-10-28,2026-02-16
5668,student,2,2026-01-31,2026-01-31
5669,occasional,2,2025-11-11,
5670,occasional,1,2026-02-16,
5671,student,2,2025-02-19,2025-12-04
5672,weekender,2,2025-11-26,2025-11-26
5673,occasional,3,2025-06-15,
5674,occasional,3,2026-04-07,
5675,occasional,3,2025-01-06,
5676,weekender,2,2026-04-07,2026-04-07
5677,student,2,2025-10-19,2026-02-15
5678,occasional,2,2025-08-13,
5679,weekender,3,2026-05-23,
5680,occasional,2,2025-02-07,
5681,occasional,1,2025-12-22,
5682,weekender,1,2025-04-13,
5683,commuter,1,2025-03-21,
5684,weekender,1,2025-03-23,
5685,occasional,1,2025-11-27,
5686,occasional,2,2025-06-17,
5687,weekender,1,2026-03-05,2026-03-05
5688,occasional,3,2026-04-18,
5689,student,2,2025-06-07,
5690,occasional,2,2026-05-23,
5691,student,2,2025-10-01,
5692,student,2,2026-04-16,
5693,occasional,3,2026-03-17,
5694,occasional,1,2025-07-24,
5695,student,2,2025-11-10,2025-11-10
5696,weekender,3,2025-02-02,
5697,weekender,1,2025-11-11,
5698,occasional,1,2026-03-15,2026-03-15
5699,weekender,3,2026-03-05,2026-03-05
5700,student,2,2025-08-20,2025-08-20
5701,commuter,1,2026-05-05,
5702,weekender,2,2026-05-16,
5703,commuter,1,2025-10-04,2025-11-13
5704,occasional,3,2025-09-04,
5705,weekender,2,2026-01-21,2026-01-21
5706,weekender,3,2025-11-02,2025-11-09
5707,student,2,2025-05-14,
5708,occasional,3,2025-05-09,
5709,occasional,3,2026-01-26,
5710,commuter,1,2025-02-14,2026-01-20
5711,occasional,3,2025-11-26,
5712,student,2,2025-10-15,2025-12-31
5713,commuter,1,2025-05-09,2025-12-11
5714,commuter,1,2026-03-21,
5715,occasional,3,2026-02-01,2026-02-01
5716,student,2,2025-03-05,2026-01-29
5717,occasional,2,2025-04-01,
5718,occasional,2,2025-03-28,
5719,commuter,1,2026-03-25,2026-03-25
5720,occasional,1,2026-02-27,
5721,occasional,3,2025-09-26,
5722,weekender,3,2026-01-23,
5723,occasional,3,2025-10-01,
5724,weekender,3,2025-04-07,
5725,weekender,2,2025-04-09,2025-10-22
5726,commuter,1,2026-03-19,2026-03-19
5727,weekender,3,2025-02-25,
5728,commuter,1,2025-06-22,2025-08-14
5729,occasional,1,2026-02-15,
5730,commuter,1,2025-01-10,
5731,weekender,2,2025-09-04,
5732,occasional,3,2025-07-15,2025-11-20
5733,occasional,3,2026-03-20,
5734,occasional,2,2025-01-26,
5735,weekender,1,2026-05-24,
5736,weekender,3,2026-02-28,
5737,occasional,1,2025-04-07,2025-10-09
5738,occasional,3,2026-03-31,
5739,weekender,1,2025-08-02,
5740,occasional,2,2025-10-29,
5741,student,2,2026-05-10,
5742,commuter,1,2025-07-18,2025-10-18
5743,occasional,3,2025-12-09,
5744,occasional,2,2025-06-07,
5745,weekender,2,2025-06-28,2025-11-28
5746,commuter,1,2026-02-19,
5747,occasional,3,2026-03-25,
5748,occasional,1,2025-01-12,
5749,commuter,1,2025-02-11,
5750,student,2,2025-07-31,
5751,student,2,2025-04-24,2025-11-14
5752,occasional,2,2025-06-06,2025-09-02
5753,commuter,1,2025-08-30,2025-08-30
5754,commuter,1,2025-06-16,
5755,student,2,2025-09-17,2025-09-17
5756,weekender,2,2025-10-02,
5757,student,2,2025-01-29,
5758,student,2,2025-01-20,
5759,occasional,1,2025-12-15,
5760,student,2,2026-05-21,2026-05-21
5761,weekender,2,2025-10-29,
5762,weekender,3,2025-02-15,
5763,student,2,2025-10-10,2025-10-10
5764,student,2,2026-04-25,
5765,commuter,1,2026-05-11,2026-05-11
5766,student,2,2026-04-07,2026-04-07
5767,occasional,3,2026-04-22,
5768,occasional,1,2025-07-02,
5769,commuter,1,2025-04-12,
5770,occasional,3,2025-01-18,
5771,student,2,2025-02-16,2026-01-10
5772,student,2,2026-05-11,
5773,commuter,1,2025-12-29,2025-12-29
5774,student,2,2025-01-28,2025-08-25
5775,commuter,1,2025-05-12,
5776,student,2,2026-01-31,
5777,occasional,3,2025-05-23,
5778,occasional,3,2025-06-04,
5779,occasional,3,2025-03-27,
5780,occasional,2,2026-02-10,2026-02-10
5781,weekender,3,2026-05-19,2026-05-19
5782,student,2,2025-05-24,
5783,weekender,3,2026-01-06,
5784,occasional,3,2026-04-05,
5785,weekender,3,2025-09-04,2025-10-31
5786,weekender,3,2025-02-20,
5787,student,2,2025-05-30,2026-01-31
5788,commuter,1,2026-03-05,2026-03-05
5789,occasional,2,2025-06-17,
5790,occasional,3,2025-06-05,2025-12-12
5791,occasional,1,2025-03-14,
5792,occasional,3,2025-06-04,
5793,occasional,2,2025-11-21,
5794,weekender,3,2025-10-30,
5795,commuter,1,2025-12-13,2025-12-13
5796,occasional,3,2025-06-16,
5797,commuter,1,2026-05-23,2026-05-23
5798,student,2,2026-02-05,2026-02-05
5799,commuter,1,2026-03-24,2026-03-24
5800,occasional,2,2026-02-11,
5801,occasional,1,2025-08-26,
5802,student,2,2026-04-25,2026-04-25
5803,occasional,3,2026-04-14,
5804,student,2,2025-08-06,2025-11-30
5805,student,2,2025-05-28,
5806,occasional,2,2026-05-07,
5807,student,2,2025-05-31,
5808,commuter,1,2025-07-26,
5809,weekender,2,2025-03-17,2025-09-15
5810,occasional,1,2025-12-02,
5811,student,2,2025-05-01,2025-10-08
5812,weekender,3,2026-05-28,2026-05-28
5813,commuter,1,2025-09-09,
5814,occasional,1,2026-01-03,
5815,commuter,1,2025-10-29,2025-12-25
5816,occasional,1,2025-11-10,
5817,student,2,2025-08-02,
5818,commuter,1,2026-03-22,2026-03-22
5819,occasional,1,2025-08-25,
5820,commuter,1,2025-01-11,2025-12-22
5821,commuter,1,2025-01-18,2025-08-02
5822,student,2,2026-04-15,2026-04-15
5823,commuter,1,2025-08-12,
5824,occasional,3,2025-01-16,
5825,occasional,1,2025-05-20,2025-08-28
5826,commuter,1,2025-05-16,2025-11-11
5827,occasional,3,2025-04-28,
5828,weekender,3,2025-02-16,2025-09-24
5829,commuter,1,2026-02-17,2026-02-17
5830,weekender,3,2026-01-27,
5831,weekender,2,2025-01-21,
5832,student,2,2025-08-05,2025-09-05
5833,commuter,1,2025-05-19,2025-08-18
5834,weekender,1,2025-06-23,
5835,occasional,1,2025-05-18,2026-01-05
5836,student,2,2026-02-03,
5837,commuter,1,2025-10-30,2025-11-22
5838,occasional,3,2025-10-13,
5839,occasional,2,2025-12-26,2025-12-26
5840,occasional,3,2025-10-13,
5841,occasional,2,2025-02-10,
5842,commuter,1,2025-08-21,2025-08-21
5843,weekender,3,2026-03-20,
5844,weekender,2,2025-05-13,
5845,commuter,1,2025-10-03,2026-02-13
5846,commuter,1,2025-03-24,2025-09-18
5847,occasional,1,2025-06-18,
5848,commuter,1,2025-10-20,2025-11-20
5849,occasional,3,2025-11-29,
5850,weekender,3,2025-09-30,2026-02-01
5851,commuter,1,2026-01-13,2026-01-13
5852,student,2,2025-07-08,
5853,occasional,2,2025-05-29,
5854,student,2,2026-04-26,2026-04-26
5855,student,2,2026-05-29,
5856,student,2,2025-04-09,
5857,student,2,2026-02-23,
5858,commuter,1,2026-05-09,2026-05-09
5859,occasional,3,2025-11-12,
5860,occasional,3,2026-04-25,
5861,occasional,3,2025-02-05,
5862,occasional,2,2025-03-08,2026-01-29
5863,student,2,2025-01-21,2026-01-23
5864,occasional,3,2025-07-23,
5865,weekender,1,2025-03-15,2025-10-20
5866,student,2,2025-01-09,2025-10-06
5867,weekender,3,2025-08-03,
5868,student,2,2025-09-29,2025-09-29
5869,occasional,3,2025-05-11,
5870,occasional,1,2025-07-13,
5871,student,2,2025-03-20,2026-01-25
5872,commuter,1,2025-08-17,2025-11-09
5873,occasional,2,2025-03-17,
5874,commuter,1,2026-02-26,2026-02-26
5875,occasional,3,2025-04-11,
5876,occasional,1,2025-12-15,
5877,weekender,3,2026-01-26,2026-01-26
5878,commuter,1,2025-10-08,
5879,occasional,3,2025-10-13,
5880,occasional,3,2025-12-27,
5881,weekender,3,2025-02-04,
5882,occasional,3,2025-12-05,
5883,occasional,1,2026-05-04,
5884,commuter,1,2025-10-15,2026-01-11
5885,weekender,2,2025-10-20,
5886,student,2,2025-08-08,2025-10-21
5887,occasional,2,2026-05-06,
5888,occasional,3,2025-05-11,
5889,commuter,1,2025-03-08,2025-08-14
5890,student,2,2026-05-06,
5891,weekender,1,2025-02-05,2025-12-23
5892,occasional,1,2025-09-26,
5893,occasional,1,2025-03-23,
5894,occasional,1,2025-11-09,
5895,student,2,2025-02-23,2026-02-07
5896,weekender,1,2025-08-17,2025-09-22
5897,occasional,2,2026-04-06,
5898,student,2,2025-01-12,2025-10-18
5899,occasional,3,2025-03-16,
5900,student,2,2025-01-06,2025-11-18
5901,occasional,3,2026-04-25,
5902,occasional,3,2025-12-30,
5903,occasional,1,2025-09-07,2025-10-24
5904,occasional,2,2025-10-19,
5905,occasional,3,2025-05-16,
5906,occasional,3,2026-04-17,
5907,student,2,2025-08-29,2026-01-22
5908,commuter,1,2025-10-26,2025-10-26
5909,weekender,1,2026-01-03,2026-01-03
5910,weekender,3,2026-04-24,
5911,student,2,2026-03-01,2026-03-01
5912,weekender,3,2026-05-11,2026-05-11
5913,student,2,2025-03-18,2025-11-17
5914,commuter,1,2025-10-20,2025-11-04
5915,occasional,1,2025-10-12,
5916,student,2,2025-12-11,2025-12-11
5917,weekender,2,2025-12-14,
5918,occasional,2,2025-12-13,
5919,commuter,1,2025-08-30,
5920,occasional,3,2025-11-25,
5921,occasional,2,2025-12-25,
5922,weekender,3,2025-06-21,
5923,weekender,1,2025-11-07,
5924,student,2,2025-11-28,
5925,commuter,1,2026-05-01,2026-05-01
5926,occasional,2,2025-06-14,2025-09-25
5927,commuter,1,2025-02-22,2026-02-14
5928,occasional,3,2026-01-14,2026-01-27
5929,commuter,1,2025-01-20,2025-10-03
5930,occasional,3,2025-04-18,
5931,commuter,1,2025-10-02,2025-11-21
5932,occasional,1,2026-01-30,
5933,commuter,1,2025-12-31,2025-12-31
5934,weekender,2,2025-01-09,2025-12-19
5935,commuter,1,2025-03-15,2025-09-28
5936,weekender,1,2025-01-15,
5937,occasional,3,2026-01-03,
5938,student,2,2026-02-17,
5939,student,2,2025-11-10,2025-11-10
5940,weekender,1,2025-03-25,
5941,occasional,2,2025-12-21,
5942,occasional,2,2025-03-07,
5943,occasional,2,2025-12-31,
5944,occasional,2,2026-05-01,
5945,occasional,2,2025-07-01,
5946,weekender,3,2025-08-10,
5947,weekender,2,2025-10-19,
5948,occasional,3,2026-05-30,2026-05-30
5949,weekender,1,2025-01-15,
5950,student,2,2025-08-01,
5951,student,2,2025-12-15,2025-12-15
5952,commuter,1,2025-02-05,2025-10-14
5953,occasional,2,2025-08-20,
5954,weekender,2,2025-11-08,2026-01-06
5955,commuter,1,2025-11-27,2025-12-14
5956,occasional,3,2025-11-13,
5957,occasional,1,2025-05-27,
5958,occasional,3,2025-08-11,
5959,commuter,1,2025-08-02,
5960,student,2,2025-06-08,2025-11-05
5961,student,2,2025-10-31,2026-01-13
5962,student,2,2025-08-30,2025-12-30
5963,student,2,2025-07-31,
5964,commuter,1,2025-02-22,
5965,occasional,3,2026-02-17,
5966,commuter,1,2026-05-16,
5967,student,2,2025-04-06,2025-09-06
5968,weekender,3,2026-03-05,2026-03-05
5969,occasional,3,2026-05-14,
5970,weekender,1,2026-05-08,
5971,student,2,2025-09-03,
5972,student,2,2025-01-07,2025-12-17
5973,occasional,3,2025-03-01,
5974,occasional,1,2025-08-25,
5975,weekender,3,2026-01-21,2026-01-21
5976,occasional,3,2025-03-10,2025-12-16
5977,weekender,3,2025-04-07,2025-11-07
5978,occasional,2,2025-06-28,
5979,occasional,1,2025-09-03,2026-01-24
5980,occasional,3,2026-01-12,
5981,occasional,2,2025-01-20,
5982,commuter,1,2025-12-10,
5983,occasional,2,2026-01-30,
5984,occasional,3,2025-12-05,
5985,student,2,2025-10-10,
5986,occasional,3,2025-04-22,
5987,commuter,1,2025-08-22,
5988,student,2,2026-04-09,
5989,commuter,1,2026-01-25,
5990,weekender,3,2025-05-19,
5991,student,2,2026-05-07,
5992,commuter,1,2026-02-01,2026-02-05
5993,occasional,3,2026-01-22,
5994,occasional,3,2025-11-20,
5995,occasional,1,2025-08-10,
5996,occasional,2,2025-01-13,
5997,student,2,2026-04-02,
5998,commuter,1,2025-07-24,
5999,student,2,2026-04-09,2026-04-09
6000,occasional,3,2026-02-04,
6001,weekender,1,2025-01-15,
6002,occasional,3,2026-01-18,
6003,occasional,3,2025-11-16,
6004,occasional,2,2025-01-18,
6005,occasional,2,2025-05-01,
6006,occasional,3,2025-07-27,
6007,weekender,3,2025-10-10,
6008,commuter,1,2025-05-18,
6009,occasional,3,2026-02-01,
6010,occasional,3,2025-11-02,
6011,occasional,2,2025-03-09,
6012,occasional,3,2025-03-17,
6013,weekender,2,2025-10-23,2025-10-23
6014,weekender,3,2026-02-24,2026-02-24
6015,weekender,3,2025-06-03,
6016,occasional,3,2026-05-02,
6017,occasional,3,2025-11-17,
6018,weekender,3,2025-09-20,
6019,student,2,2026-01-18,2026-01-18
6020,occasional,1,2026-02-15,
6021,weekender,3,2025-08-21,
6022,student,2,2025-08-24,2025-10-26
6023,student,2,2025-12-29,2025-12-29
6024,commuter,1,2026-03-24,2026-03-24
6025,commuter,1,2025-07-26,2025-08-01
6026,occasional,1,2026-05-18,
6027,occasional,3,2025-08-27,2025-12-10
6028,student,2,2025-09-18,2025-11-28
6029,commuter,1,2025-12-05,
6030,commuter,1,2025-10-27,2026-02-06
6031,student,2,2025-11-13,
6032,occasional,2,2026-02-19,
6033,commuter,1,2025-05-17,2025-10-27
6034,commuter,1,2025-03-14,
6035,occasional,2,2025-07-04,
6036,occasional,3,2025-01-05,
6037,occasional,2,2025-06-30,
6038,occasional,1,2026-03-24,
6039,occasional,3,2025-11-08,
6040,occasional,3,2026-05-09,
6041,occasional,3,2025-04-08,
6042,occasional,3,2025-09-14,
6043,commuter,1,2025-08-19,
6044,occasional,1,2025-10-04,
6045,occasional,2,2025-05-03,
6046,occasional,2,2025-06-17,2026-01-25
6047,student,2,2025-06-04,2025-12-13
6048,occasional,3,2026-01-05,
6049,occasional,2,2025-02-10,
6050,commuter,1,2026-04-14,2026-04-14
6051,student,2,2025-05-26,2025-12-28
6052,weekender,2,2025-02-21,2025-11-27
6053,occasional,3,2025-10-12,
6054,occasional,1,2025-08-13,
6055,student,2,2026-04-17,
6056,occasional,2,2025-05-04,
6057,occasional,3,2025-01-24,
6058,student,2,2025-09-09,
6059,occasional,2,2026-03-05,
6060,commuter,1,2025-02-15,2025-11-01
6061,student,2,2025-03-24,2025-08-06
6062,occasional,3,2025-06-29,
6063,commuter,1,2025-07-02,2025-12-02
6064,weekender,1,2025-05-02,2025-10-10
6065,occasional,2,2025-09-08,
6066,commuter,1,2025-06-23,2025-10-14
6067,occasional,3,2025-06-25,
6068,occasional,2,2025-03-23,
6069,occasional,3,2025-08-05,
6070,occasional,1,2026-02-21,
6071,occasional,3,2025-05-18,
6072,occasional,2,2025-04-18,
6073,commuter,1,2025-02-23,
6074,weekender,3,2025-10-14,
6075,occasional,3,2025-03-24,2025-12-14
6076,occasional,3,2025-05-04,
6077,weekender,3,2025-07-19,2025-08-20
6078,occasional,2,2026-03-10,
6079,weekender,2,2025-09-03,
6080,weekender,3,2025-09-16,2025-11-09
6081,student,2,2025-09-08,2025-10-20
6082,student,2,2025-10-02,2025-12-26
6083,weekender,3,2026-01-31,
6084,student,2,2025-08-28,
6085,student,2,2025-01-09,
6086,commuter,1,2025-04-28,2025-09-25
6087,weekender,3,2025-03-30,
6088,weekender,3,2025-02-13,2026-02-12
6089,weekender,1,2025-09-21,2025-10-13
6090,commuter,1,2025-03-16,
6091,occasional,1,2025-07-29,
6092,occasional,2,2026-04-23,
6093,occasional,3,2025-02-06,
6094,student,2,2025-02-28,2026-01-12
6095,occasional,3,2025-02-03,2025-12-27
6096,occasional,3,2025-07-12,
6097,weekender,1,2026-04-10,
6098,occasional,2,2025-05-21,
6099,student,2,2025-08-27,
6100,weekender,2,2025-07-02,
6101,weekender,1,2025-10-23,
6102,weekender,3,2025-01-03,2025-10-05
6103,weekender,2,2025-05-08,
6104,weekender,1,2025-01-23,2026-01-03
6105,student,2,2025-04-21,
6106,weekender,3,2026-02-25,2026-02-25
6107,occasional,2,2026-02-09,2026-02-09
6108,occasional,1,2026-03-29,2026-03-29
6109,weekender,3,2025-12-06,
6110,weekender,2,2025-01-13,
6111,occasional,3,2026-04-06,
6112,student,2,2025-07-13,2025-09-14
6113,occasional,3,2025-06-05,
6114,weekender,3,2025-02-07,2026-01-02
6115,commuter,1,2026-05-14,2026-05-14
6116,student,2,2025-02-15,2025-08-01
6117,occasional,3,2025-02-25,
6118,occasional,2,2025-09-07,
6119,occasional,3,2025-11-25,
6120,occasional,1,2026-02-02,
6121,occasional,1,2025-06-16,
6122,weekender,2,2026-04-13,
6123,commuter,1,2026-02-27,2026-02-27
6124,student,2,2025-08-06,2026-01-20
6125,occasional,3,2026-05-16,
6126,student,2,2025-02-17,2025-08-12
6127,occasional,3,2025-02-22,
6128,student,2,2025-06-06,2026-01-24
6129,student,2,2025-09-22,
6130,student,2,2026-04-21,2026-04-21
6131,student,2,2026-02-24,2026-02-24
6132,commuter,1,2025-01-11,
6133,weekender,1,2025-12-21,
6134,occasional,2,2025-09-29,
6135,occasional,1,2025-01-30,
6136,occasional,3,2026-01-18,
6137,occasional,3,2026-03-02,
6138,occasional,3,2026-04-13,
6139,occasional,3,2025-02-19,
6140,student,2,2026-02-22,2026-02-22
6141,occasional,3,2025-06-03,
6142,occasional,1,2025-10-15,
6143,occasional,2,2025-02-26,
6144,weekender,2,2025-07-01,
6145,weekender,3,2025-08-18,
6146,occasional,3,2025-12-11,
6147,occasional,2,2025-10-12,2025-12-10
6148,occasional,1,2025-08-24,2025-08-24
6149,weekender,3,2026-02-02,2026-02-02
6150,commuter,1,2025-07-13,2025-12-04
6151,weekender,2,2025-10-26,
6152,student,2,2025-12-07,
6153,occasional,3,2025-07-30,
6154,occasional,2,2025-02-11,
6155,weekender,2,2025-07-27,
6156,occasional,2,2025-12-19,
6157,commuter,1,2025-08-16,2025-11-20
6158,student,2,2025-07-24,
6159,occasional,3,2026-01-01,
6160,occasional,2,2025-04-13,
6161,occasional,2,2025-12-25,
6162,commuter,1,2025-10-08,2025-10-24
6163,commuter,1,2025-04-15,
6164,occasional,1,2026-04-11,
6165,occasional,3,2025-12-20,2026-01-01
6166,student,2,2025-03-24,2025-08-02
6167,student,2,2026-02-16,2026-02-16
6168,weekender,3,2026-02-27,
6169,commuter,1,2025-03-21,2026-01-30
6170,student,2,2025-08-11,2025-09-08
6171,weekender,1,2025-05-23,2026-01-31
6172,student,2,2025-12-16,2025-12-16
6173,commuter,1,2025-08-11,2025-11-05
6174,weekender,3,2025-02-13,
6175,student,2,2025-11-09,2025-11-09
6176,weekender,1,2026-03-23,2026-03-23
6177,commuter,1,2025-01-07,2025-10-25
6178,occasional,3,2025-03-24,
6179,student,2,2026-05-26,2026-05-26
6180,student,2,2025-09-01,2025-10-19
6181,occasional,3,2026-05-08,
6182,commuter,1,2025-09-28,
6183,occasional,1,2025-04-27,
6184,weekender,1,2025-05-29,2025-11-01
6185,occasional,1,2025-07-31,
6186,occasional,3,2025-05-27,
6187,weekender,3,2025-05-21,
6188,weekender,3,2025-07-06,
6189,commuter,1,2026-04-23,
6190,occasional,1,2025-12-14,
6191,commuter,1,2026-05-03,2026-05-03
6192,occasional,1,2025-03-21,
6193,weekender,1,2026-05-25,
6194,occasional,1,2025-12-17,
6195,occasional,3,2025-06-28,2025-09-23
6196,occasional,2,2025-06-09,
6197,occasional,3,2025-07-10,2025-10-04
6198,student,2,2026-02-18,2026-02-18
6199,weekender,3,2025-01-17,
6200,student,2,2025-01-19,
6201,commuter,1,2025-03-09,2025-09-03
6202,student,2,2025-07-26,
6203,student,2,2026-05-27,2026-05-27
6204,occasional,2,2025-10-25,
6205,student,2,2025-09-03,
6206,commuter,1,2025-02-05,2026-01-05
6207,occasional,2,2026-02-04,
6208,weekender,3,2025-06-06,
6209,commuter,1,2025-10-03,2026-01-17
6210,student,2,2025-04-22,
6211,occasional,3,2025-06-30,
6212,student,2,2026-05-17,
6213,student,2,2025-10-09,
6214,occasional,3,2026-02-22,
6215,occasional,2,2025-09-16,
6216,occasional,3,2025-02-21,
6217,commuter,1,2025-08-22,2025-10-30
6218,commuter,1,2026-02-04,2026-02-04
6219,occasional,3,2025-05-30,2025-08-03
6220,occasional,3,2025-07-28,
6221,student,2,2025-04-01,2025-10-12
6222,student,2,2026-02-17,2026-02-17
6223,commuter,1,2025-10-20,
6224,occasional,3,2025-05-10,2025-10-26
6225,weekender,1,2025-12-13,
6226,occasional,1,2025-07-28,
6227,weekender,3,2025-07-19,
6228,weekender,1,2026-01-29,
6229,weekender,2,2026-01-11,
6230,student,2,2025-04-04,
6231,weekender,3,2025-01-17,
6232,weekender,3,2025-08-16,2025-08-27
6233,occasional,3,2025-12-11,
6234,occasional,3,2025-06-28,2025-09-04
6235,student,2,2026-03-22,2026-03-22
6236,occasional,3,2025-01-17,
6237,occasional,3,2025-06-22,2025-11-13
6238,commuter,1,2025-01-13,
6239,weekender,3,2026-01-20,
6240,occasional,3,2026-03-12,
6241,occasional,3,2025-09-23,
6242,occasional,3,2025-12-06,
6243,weekender,2,2025-12-19,
6244,student,2,2025-11-27,
6245,student,2,2025-10-26,2025-10-31
6246,occasional,3,2026-03-14,
6247,weekender,3,2025-05-13,
6248,occasional,1,2026-01-30,
6249,commuter,1,2025-10-28,2025-11-06
6250,occasional,3,2025-07-15,
6251,student,2,2025-05-08,2025-09-20
6252,commuter,1,2025-02-03,2025-09-24
6253,weekender,1,2025-03-03,
6254,occasional,3,2026-01-17,
6255,weekender,3,2025-01-19,
6256,commuter,1,2026-02-13,
6257,weekender,1,2025-03-04,
6258,occasional,1,2025-02-04,
6259,commuter,1,2025-10-23,2026-01-02
6260,student,2,2025-04-14,2025-12-04
6261,student,2,2025-04-27,
6262,commuter,1,2025-12-09,2025-12-09
6263,occasional,3,2025-05-19,2025-12-24
6264,weekender,1,2025-07-03,
6265,weekender,2,2025-06-07,
6266,weekender,2,2026-04-11,
6267,weekender,1,2025-11-01,
6268,occasional,3,2025-01-06,
6269,commuter,1,2025-09-07,2025-12-04
6270,occasional,3,2025-06-16,
6271,occasional,1,2026-02-01,
6272,student,2,2025-03-23,
6273,student,2,2025-03-16,
6274,commuter,1,2025-07-25,2025-09-03
6275,commuter,1,2026-05-04,
6276,student,2,2025-04-09,
6277,student,2,2025-04-05,
6278,student,2,2025-01-28,
6279,commuter,1,2025-09-29,
6280,occasional,2,2025-03-30,
6281,weekender,3,2025-02-27,
6282,occasional,3,2025-02-26,
6283,weekender,2,2025-07-21,
6284,weekender,3,2025-12-18,
6285,commuter,1,2025-04-10,
6286,weekender,1,2025-08-31,2025-09-08
6287,weekender,2,2025-07-17,
6288,student,2,2025-05-10,
6289,weekender,3,2026-01-28,2026-01-28
6290,commuter,1,2025-11-21,
6291,occasional,1,2025-12-14,
6292,commuter,1,2026-03-04,
6293,weekender,3,2026-01-06,2026-01-06
6294,student,2,2025-01-26,
6295,weekender,3,2025-06-04,
6296,commuter,1,2026-04-27,2026-04-27
6297,occasional,3,2026-01-03,
6298,commuter,1,2025-01-19,2025-12-01
6299,occasional,2,2025-01-01,
6300,student,2,2025-01-07,
6301,commuter,1,2025-04-20,2026-01-29
6302,commuter,1,2025-05-26,
6303,student,2,2025-05-17,2026-01-05
6304,occasional,3,2025-02-02,2025-10-04
6305,weekender,2,2026-05-23,
6306,student,2,2025-01-15,
6307,occasional,1,2025-06-21,
6308,commuter,1,2025-01-11,2025-09-28
6309,occasional,3,2025-07-09,
6310,commuter,1,2026-03-12,2026-03-12
6311,occasional,1,2025-08-31,
6312,occasional,3,2025-06-28,
6313,student,2,2026-04-09,2026-04-09
6314,occasional,1,2025-12-17,
6315,weekender,3,2025-05-24,
6316,occasional,3,2025-08-07,
6317,weekender,2,2025-11-27,
6318,weekender,1,2025-05-23,2026-02-01
6319,occasional,3,2025-10-30,
6320,commuter,1,2025-09-02,2025-12-20
6321,commuter,1,2025-05-22,2025-12-09
6322,commuter,1,2026-05-04,
6323,occasional,3,2026-04-09,
6324,occasional,2,2025-05-14,2026-01-19
6325,student,2,2026-03-16,
6326,occasional,1,2025-05-12,
6327,student,2,2025-02-03,2025-11-22
6328,weekender,3,2025-06-30,
6329,occasional,2,2026-03-02,
6330,occasional,2,2025-10-22,
6331,occasional,3,2025-12-14,
6332,commuter,1,2025-12-14,
6333,weekender,3,2025-02-18,
6334,occasional,3,2026-02-20,
6335,student,2,2025-12-09,
6336,occasional,2,2025-10-22,
6337,student,2,2025-07-30,2025-10-30
6338,weekender,1,2026-02-03,
6339,weekender,1,2025-11-24,
6340,weekender,1,2025-12-18,
6341,occasional,2,2025-11-04,
6342,commuter,1,2026-04-28,
6343,student,2,2025-06-09,
6344,occasional,3,2025-11-18,
6345,student,2,2025-06-02,
6346,weekender,3,2025-10-18,
6347,occasional,1,2026-02-13,
6348,occasional,1,2025-08-13,
6349,occasional,3,2026-03-21,
6350,weekender,1,2025-02-28,
6351,occasional,1,2025-12-07,
6352,student,2,2025-02-15,
6353,occasional,3,2025-08-05,
6354,student,2,2025-01-15,2025-10-05
6355,weekender,1,2026-01-09,2026-01-09
6356,weekender,1,2025-10-14,
6357,occasional,2,2025-10-06,
6358,occasional,2,2025-02-22,
6359,commuter,1,2025-02-26,2026-01-05
6360,commuter,1,2025-10-05,
6361,occasional,3,2025-03-03,
6362,commuter,1,2025-11-03,2026-01-06
6363,commuter,1,2025-04-24,2025-10-31
6364,student,2,2026-04-29,2026-04-29
6365,occasional,1,2025-01-16,
6366,student,2,2025-01-22,
6367,student,2,2025-01-13,2025-10-24
6368,occasional,1,2025-06-09,
6369,occasional,2,2025-02-19,
6370,occasional,2,2025-01-09,
6371,occasional,3,2025-10-12,2025-10-29
6372,occasional,3,2025-08-29,
6373,commuter,1,2025-08-12,2025-09-25
6374,student,2,2026-01-05,
6375,weekender,1,2025-03-20,
6376,commuter,1,2026-05-03,
6377,weekender,3,2025-02-17,
6378,occasional,1,2025-07-09,
6379,weekender,3,2025-03-30,2025-09-27
6380,commuter,1,2025-06-08,
6381,occasional,3,2025-07-04,2026-02-10
6382,weekender,3,2025-07-02,
6383,weekender,3,2025-01-01,
6384,occasional,2,2025-03-29,2025-10-14
6385,commuter,1,2026-01-16,
6386,commuter,1,2025-03-10,
6387,occasional,1,2025-03-31,
6388,student,2,2025-04-05,
6389,weekender,1,2025-06-07,2025-09-28
6390,occasional,3,2025-02-22,
6391,commuter,1,2025-05-20,2025-08-30
6392,occasional,3,2025-01-12,
6393,occasional,1,2025-12-17,
6394,occasional,1,2025-12-17,
6395,student,2,2025-11-29,
6396,student,2,2025-04-06,
6397,student,2,2026-04-20,
6398,occasional,3,2025-04-09,
6399,commuter,1,2025-09-02,
6400,commuter,1,2025-12-31,2025-12-31
6401,commuter,1,2026-03-29,
6402,student,2,2026-04-15,2026-04-15
6403,student,2,2025-07-27,
6404,occasional,3,2025-02-14,
6405,weekender,3,2025-03-11,2025-09-04
6406,student,2,2026-05-25,2026-05-25
6407,student,2,2025-06-03,
6408,student,2,2025-12-22,2026-02-04
6409,weekender,2,2026-03-15,
6410,student,2,2025-10-01,
6411,student,2,2025-08-11,2025-11-25
6412,weekender,1,2025-11-11,2025-11-11
6413,weekender,2,2025-06-20,2025-08-30
6414,occasional,3,2026-02-18,
6415,weekender,3,2025-04-23,
6416,occasional,2,2026-02-12,
6417,occasional,1,2025-08-10,
6418,commuter,1,2025-06-18,
6419,commuter,1,2025-02-22,2025-08-31
6420,weekender,3,2025-04-10,
6421,commuter,1,2026-01-07,
6422,commuter,1,2025-01-21,
6423,commuter,1,2026-05-27,
6424,occasional,3,2026-03-29,
6425,student,2,2025-10-13,
6426,commuter,1,2026-05-30,2026-05-30
6427,weekender,2,2025-01-14,
6428,student,2,2026-05-04,
6429,student,2,2026-03-07,
6430,occasional,3,2025-11-07,
6431,weekender,3,2025-12-22,2025-12-22
6432,commuter,1,2025-10-20,2025-10-20
6433,student,2,2025-01-07,
6434,student,2,2025-10-29,2025-10-29
6435,occasional,3,2025-11-02,2026-01-23
6436,commuter,1,2025-08-24,2025-12-16
6437,weekender,2,2026-02-19,2026-02-19
6438,commuter,1,2025-11-06,2026-02-16
6439,occasional,2,2025-05-18,2025-11-15
6440,student,2,2025-09-17,2025-09-17
6441,occasional,2,2025-01-18,
6442,occasional,1,2025-02-08,
6443,occasional,3,2025-11-19,
6444,student,2,2025-07-08,2025-09-01
6445,weekender,3,2025-11-15,2025-11-15
6446,occasional,3,2025-02-01,
6447,student,2,2025-09-14,
6448,commuter,1,2026-03-28,2026-03-28
6449,occasional,1,2026-01-29,
6450,student,2,2025-02-24,
6451,student,2,2025-04-10,
6452,weekender,3,2025-12-06,
6453,weekender,1,2025-10-27,2025-10-27
6454,occasional,1,2025-12-24,
6455,occasional,3,2025-06-02,
6456,occasional,3,2025-02-10,
6457,student,2,2026-04-09,2026-04-09
6458,occasional,3,2026-01-16,
6459,student,2,2025-12-04,2026-01-31
6460,weekender,3,2025-04-07,
6461,commuter,1,2025-02-06,2025-11-02
6462,occasional,2,2025-09-24,
6463,student,2,2025-08-20,2026-01-17
6464,student,2,2026-03-08,2026-03-08
6465,occasional,3,2025-01-21,
6466,weekender,2,2026-03-13,
6467,occasional,1,2025-03-10,2026-01-17
6468,occasional,1,2026-03-16,2026-03-16
6469,commuter,1,2025-05-23,2025-08-15
6470,weekender,3,2025-01-07,
6471,occasional,2,2025-09-05,
6472,commuter,1,2025-05-05,
6473,weekender,2,2025-07-02,
6474,student,2,2025-10-26,2026-01-21
6475,weekender,2,2025-04-17,
6476,student,2,2025-08-19,
6477,student,2,2026-01-22,2026-01-22
6478,student,2,2026-05-07,2026-05-07
6479,weekender,3,2025-05-10,
6480,student,2,2026-02-17,
6481,student,2,2025-07-12,
6482,commuter,1,2025-12-08,2025-12-08
6483,commuter,1,2026-03-28,2026-03-28
6484,occasional,1,2025-09-13,
6485,occasional,3,2026-05-11,2026-05-11
6486,occasional,1,2025-07-28,2025-10-13
6487,occasional,3,2025-08-21,
6488,commuter,1,2025-07-07,
6489,occasional,1,2025-12-17,
6490,occasional,3,2025-10-17,
6491,occasional,3,2025-02-19,
6492,commuter,1,2025-06-27,2025-09-05
6493,commuter,1,2025-01-09,2025-11-23
6494,student,2,2026-05-24,2026-05-24
6495,commuter,1,2026-04-16,2026-04-16
6496,occasional,3,2026-05-12,
6497,commuter,1,2026-01-15,2026-01-15
6498,weekender,3,2025-09-17,2025-09-17
6499,occasional,3,2025-04-04,
6500,occasional,3,2025-01-18,
6501,weekender,3,2025-05-16,
6502,student,2,2025-08-30,
6503,weekender,2,2025-04-03,2026-02-02
6504,student,2,2025-08-11,2025-09-28
6505,commuter,1,2025-05-02,2025-08-29
6506,occasional,1,2025-04-15,
6507,commuter,1,2026-02-28,
6508,student,2,2026-04-29,2026-04-29
6509,occasional,2,2026-05-29,
6510,commuter,1,2025-05-20,2025-10-24
6511,occasional,3,2025-11-03,
6512,student,2,2026-05-01,
6513,weekender,3,2025-07-21,
6514,student,2,2026-01-14,
6515,weekender,3,2025-02-04,2025-12-11
6516,weekender,2,2025-03-09,2026-02-15
6517,occasional,1,2025-09-09,
6518,commuter,1,2025-08-05,2025-09-16
6519,occasional,2,2026-04-20,2026-04-20
6520,occasional,2,2025-07-25,
6521,occasional,1,2025-07-21,
6522,occasional,3,2025-08-13,
6523,occasional,3,2026-02-17,
6524,weekender,3,2026-05-06,2026-05-06
6525,commuter,1,2026-02-26,
6526,weekender,1,2025-08-23,2025-10-07
6527,occasional,3,2025-07-29,2026-02-09
6528,occasional,1,2026-04-19,
6529,weekender,3,2026-02-19,
6530,occasional,3,2025-02-07,
6531,occasional,2,2025-02-09,
6532,occasional,3,2026-01-10,
6533,student,2,2026-03-28,
6534,commuter,1,2025-05-18,2025-12-16
6535,occasional,3,2025-05-18,
6536,occasional,1,2026-03-18,
6537,commuter,1,2025-02-12,
6538,weekender,3,2025-02-27,2025-08-09
6539,occasional,2,2025-12-02,
6540,weekender,3,2025-11-18,2026-01-19
6541,commuter,1,2025-09-27,
6542,weekender,3,2026-03-16,2026-03-16
6543,commuter,1,2025-02-04,
6544,occasional,3,2025-02-08,
6545,weekender,3,2025-02-12,
6546,occasional,3,2025-07-15,2026-02-07
6547,student,2,2025-10-13,2025-10-15
6548,occasional,2,2026-02-19,
6549,student,2,2025-12-05,2025-12-05
6550,occasional,2,2026-02-06,
6551,student,2,2025-12-31,
6552,occasional,2,2025-09-30,2026-02-12
6553,occasional,2,2025-10-28,
6554,commuter,1,2025-04-16,2025-08-25
6555,occasional,2,2025-06-14,
6556,student,2,2026-02-18,2026-02-18
6557,student,2,2025-09-28,2025-12-24
6558,weekender,1,2025-09-21,
6559,weekender,3,2025-07-24,2025-09-29
6560,student,2,2025-08-08,2026-01-03
6561,commuter,1,2026-04-13,2026-04-13
6562,occasional,3,2025-11-25,
6563,commuter,1,2025-05-24,2025-11-29
6564,commuter,1,2025-12-21,2025-12-21
6565,weekender,3,2025-09-30,2025-10-29
6566,commuter,1,2025-12-05,
6567,occasional,1,2025-09-01,
6568,weekender,2,2025-04-29,
6569,student,2,2025-09-16,
6570,commuter,1,2026-05-09,
6571,occasional,1,2026-03-07,
6572,occasional,3,2025-09-29,
6573,commuter,1,2026-01-24,2026-01-24
6574,occasional,1,2025-04-26,2025-10-22
6575,occasional,1,2025-03-05,
6576,commuter,1,2026-01-09,2026-01-09
6577,occasional,3,2025-12-01,
6578,occasional,1,2025-05-07,
6579,student,2,2025-09-15,
6580,weekender,3,2026-03-08,2026-03-08
6581,occasional,1,2025-11-17,2025-11-20
6582,commuter,1,2025-01-31,2025-10-21
6583,student,2,2026-04-27,2026-04-27
6584,weekender,3,2025-12-29,
6585,commuter,1,2026-05-05,
6586,occasional,3,2025-03-28,
6587,commuter,1,2025-06-10,
6588,commuter,1,2025-06-29,2025-09-14
6589,occasional,2,2025-03-12,
6590,commuter,1,2025-08-28,2025-08-28
6591,occasional,3,2025-07-07,
6592,weekender,2,2025-01-08,
6593,weekender,3,2026-02-11,2026-02-11
6594,weekender,3,2026-01-28,
6595,occasional,3,2025-05-02,
6596,occasional,2,2026-04-29,
6597,weekender,3,2025-07-30,
6598,occasional,3,2025-08-11,2025-10-03
6599,occasional,3,2026-03-29,
6600,occasional,2,2025-12-18,
6601,weekender,1,2026-03-26,
6602,commuter,1,2025-11-16,
6603,student,2,2025-12-01,2025-12-01
6604,student,2,2026-05-20,
6605,commuter,1,2026-03-23,2026-03-23
6606,weekender,1,2025-08-06,2025-09-09
6607,student,2,2025-10-27,2025-10-27
6608,weekender,2,2025-11-05,
6609,student,2,2025-12-22,
6610,weekender,3,2025-12-13,
6611,student,2,2025-12-30,2025-12-30
6612,weekender,3,2025-06-14,
6613,commuter,1,2026-03-09,
6614,occasional,1,2025-10-30,2025-10-30
6615,weekender,1,2025-11-13,
6616,commuter,1,2025-05-26,2025-10-16
6617,weekender,1,2025-09-01,
6618,commuter,1,2026-02-26,
6619,weekender,3,2025-03-27,
6620,student,2,2025-07-17,2025-08-02
6621,occasional,3,2025-02-18,
6622,commuter,1,2026-05-05,
6623,weekender,3,2025-08-29,
6624,student,2,2025-01-06,2026-01-03
6625,student,2,2025-07-11,
6626,occasional,3,2025-11-06,
6627,commuter,1,2026-01-26,2026-01-26
6628,occasional,2,2025-10-24,
6629,weekender,1,2025-11-11,
6630,occasional,3,2026-02-09,
6631,student,2,2025-02-02,
6632,occasional,3,2025-03-29,
6633,occasional,2,2025-11-29,
6634,student,2,2026-01-21,2026-01-21
6635,occasional,2,2025-04-29,
6636,occasional,2,2025-01-08,
6637,occasional,1,2026-02-10,
6638,commuter,1,2025-11-12,2025-11-12
6639,occasional,3,2025-06-01,
6640,weekender,1,2026-01-30,2026-01-30
6641,student,2,2025-09-12,
6642,commuter,1,2025-02-13,2026-02-05
6643,student,2,2026-02-20,2026-02-20
6644,occasional,1,2025-06-06,
6645,student,2,2025-06-06,2025-10-05
6646,commuter,1,2026-04-27,2026-04-27
6647,commuter,1,2026-03-19,2026-03-19
6648,student,2,2026-02-25,
6649,commuter,1,2025-07-01,2025-10-14
6650,commuter,1,2026-01-20,2026-01-20
6651,commuter,1,2025-08-29,
6652,weekender,2,2026-05-21,
6653,occasional,3,2026-02-08,
6654,occasional,1,2025-05-16,
6655,commuter,1,2026-05-03,
6656,weekender,2,2025-07-20,
6657,occasional,1,2025-07-15,
6658,commuter,1,2025-02-08,
6659,occasional,2,2026-03-21,2026-03-21
6660,occasional,1,2025-01-06,
6661,student,2,2025-07-25,2025-08-31
6662,occasional,2,2026-02-02,
6663,weekender,2,2026-01-11,
6664,student,2,2025-06-29,2026-01-05
6665,commuter,1,2025-12-13,2025-12-13
6666,occasional,3,2026-03-05,2026-03-05
6667,weekender,1,2026-01-07,2026-01-26
6668,student,2,2025-09-23,
6669,occasional,1,2025-11-03,
6670,occasional,3,2025-10-25,
6671,occasional,1,2025-04-28,
6672,student,2,2026-05-07,
6673,student,2,2026-02-28,2026-02-28
6674,commuter,1,2026-04-02,2026-04-02
6675,occasional,3,2025-10-06,
6676,occasional,1,2025-11-28,
6677,commuter,1,2026-01-16,2026-01-28
6678,commuter,1,2026-04-19,2026-04-19
6679,student,2,2025-11-10,
6680,student,2,2026-03-18,2026-03-18
6681,student,2,2026-02-20,
6682,weekender,3,2025-12-11,
6683,student,2,2025-02-07,
6684,student,2,2026-01-12,2026-01-12
6685,weekender,3,2025-03-19,2025-12-06
6686,occasional,3,2025-03-02,
6687,occasional,3,2025-08-02,
6688,occasional,3,2025-06-02,
6689,occasional,1,2026-03-27,
6690,occasional,3,2026-03-25,
6691,student,2,2026-04-15,2026-04-15
6692,occasional,2,2026-02-25,
6693,occasional,1,2025-08-07,
6694,occasional,1,2025-02-14,2025-10-17
6695,occasional,3,2025-08-22,
6696,occasional,1,2025-07-17,
6697,weekender,3,2025-05-31,
6698,commuter,1,2025-05-21,
6699,occasional,3,2026-02-07,
6700,occasional,3,2025-08-17,
6701,student,2,2026-03-29,
6702,student,2,2025-08-13,2025-08-13
6703,commuter,1,2025-01-05,2025-11-20
6704,weekender,3,2025-06-21,
6705,occasional,2,2025-07-03,
6706,commuter,1,2025-03-15,
6707,occasional,2,2025-05-01,
6708,occasional,2,2025-05-08,
6709,weekender,2,2026-02-04,
6710,occasional,1,2025-01-26,
6711,occasional,2,2025-03-01,
6712,occasional,2,2025-09-17,
6713,occasional,3,2025-11-17,
6714,student,2,2025-12-18,2025-12-25
6715,occasional,2,2026-05-21,
6716,occasional,2,2025-05-16,
6717,occasional,3,2025-12-04,
6718,commuter,1,2025-04-21,
6719,occasional,1,2025-12-26,
6720,occasional,2,2025-12-22,
6721,commuter,1,2025-09-08,2025-12-05
6722,weekender,3,2025-10-13,2025-10-26
6723,commuter,1,2025-11-07,
6724,student,2,2025-01-28,2026-01-23
6725,student,2,2025-07-20,2026-02-02
6726,occasional,3,2025-05-25,
6727,weekender,2,2026-03-19,2026-03-19
6728,occasional,1,2025-02-28,
6729,weekender,3,2025-05-17,2025-09-08
6730,weekender,3,2025-07-04,
6731,student,2,2025-04-24,2025-11-16
6732,weekender,3,2025-11-07,
6733,occasional,3,2025-01-30,
6734,weekender,2,2025-10-21,
6735,occasional,1,2025-04-05,
6736,occasional,3,2025-10-11,
6737,occasional,3,2025-02-14,
6738,occasional,3,2025-01-18,
6739,occasional,1,2025-02-12,
6740,weekender,3,2025-03-24,
6741,weekender,3,2025-06-05,
6742,student,2,2025-07-01,
6743,occasional,3,2025-01-22,
6744,student,2,2025-08-04,
6745,occasional,3,2025-11-19,
6746,occasional,2,2025-08-19,
6747,occasional,1,2025-02-03,
6748,student,2,2026-01-18,
6749,occasional,2,2026-03-30,
6750,weekender,1,2026-05-03,
6751,weekender,2,2025-03-11,2026-02-13
6752,occasional,1,2026-01-30,
6753,commuter,1,2025-03-10,2025-11-14
6754,weekender,3,2025-12-29,2025-12-29
6755,weekender,1,2025-06-18,
6756,commuter,1,2025-03-23,2025-11-30
6757,occasional,3,2026-05-22,2026-05-22
6758,weekender,3,2025-08-01,
6759,commuter,1,2026-04-08,2026-04-08
6760,student,2,2025-10-11,2026-01-02
6761,occasional,2,2026-04-07,
6762,student,2,2025-08-01,
6763,weekender,3,2025-06-19,
6764,commuter,1,2025-07-02,2025-10-02
6765,commuter,1,2026-02-20,2026-02-20
6766,occasional,2,2025-06-26,
6767,occasional,3,2025-08-06,
6768,occasional,3,2026-05-30,
6769,occasional,3,2025-04-23,
6770,occasional,3,2025-03-11,
6771,student,2,2025-07-08,2026-01-10
6772,weekender,2,2025-11-30,
6773,occasional,3,2025-01-29,
6774,weekender,3,2025-04-15,
6775,occasional,2,2025-10-19,
6776,occasional,3,2025-09-27,
6777,weekender,2,2025-01-01,
6778,student,2,2025-03-16,2026-01-07
6779,occasional,3,2025-09-24,
6780,weekender,1,2026-04-22,
6781,student,2,2025-03-28,2025-10-10
6782,weekender,3,2026-03-05,2026-03-05
6783,occasional,3,2025-12-29,
6784,occasional,2,2025-10-15,
6785,occasional,3,2026-01-08,
6786,student,2,2025-12-20,
6787,occasional,1,2025-04-13,
6788,student,2,2025-03-10,
6789,student,2,2025-01-01,
6790,occasional,2,2025-06-11,
6791,occasional,3,2025-11-03,
6792,commuter,1,2025-10-16,2025-11-14
6793,occasional,2,2025-02-27,
6794,occasional,2,2026-04-04,
6795,student,2,2025-02-08,
6796,commuter,1,2025-02-20,
6797,student,2,2025-04-30,
6798,weekender,3,2025-06-17,
6799,student,2,2026-04-05,2026-04-05
6800,commuter,1,2025-02-08,
6801,weekender,1,2026-03-01,
6802,student,2,2026-01-28,
6803,occasional,1,2025-11-09,
6804,occasional,1,2026-02-10,
6805,occasional,2,2026-05-13,
6806,commuter,1,2025-08-29,2025-12-27
6807,commuter,1,2025-01-27,
6808,weekender,1,2026-02-05,2026-02-05
6809,student,2,2026-04-03,2026-04-03
6810,occasional,3,2026-02-22,
6811,weekender,3,2025-08-07,2025-10-25
6812,weekender,2,2025-07-12,
6813,student,2,2025-06-27,
6814,student,2,2025-03-10,
6815,weekender,2,2025-01-15,2025-12-29
6816,commuter,1,2025-04-10,2025-09-26
6817,occasional,3,2025-01-09,
6818,commuter,1,2026-05-15,2026-05-15
6819,weekender,2,2025-01-27,
6820,student,2,2025-09-21,2025-12-18
6821,student,2,2025-08-08,
6822,student,2,2026-01-11,2026-01-11
6823,occasional,2,2025-04-29,
6824,weekender,3,2025-06-03,
6825,student,2,2025-11-21,2025-11-21
6826,occasional,3,2026-04-26,2026-04-26
6827,weekender,3,2025-07-07,
6828,commuter,1,2025-09-12,2025-10-17
6829,weekender,3,2025-11-09,
6830,occasional,3,2025-11-02,2026-01-30
6831,weekender,3,2025-06-22,2025-10-02
6832,commuter,1,2025-08-22,2025-12-26
6833,occasional,2,2025-05-12,
6834,weekender,3,2026-01-14,2026-02-04
6835,commuter,1,2025-02-09,2025-12-02
6836,occasional,3,2025-06-29,
6837,occasional,1,2025-11-22,
6838,occasional,3,2026-04-16,
6839,weekender,3,2025-11-14,
6840,occasional,3,2025-02-01,
6841,weekender,3,2025-11-27,
6842,occasional,3,2025-09-14,
6843,occasional,2,2025-01-26,
6844,occasional,1,2026-03-16,
6845,occasional,3,2026-01-08,
6846,occasional,2,2025-01-19,
6847,student,2,2026-02-04,2026-02-04
6848,student,2,2025-09-23,2025-09-23
6849,weekender,1,2025-06-05,
6850,occasional,2,2025-10-26,
6851,student,2,2025-03-06,
6852,occasional,3,2026-03-10,
6853,commuter,1,2025-06-13,2026-02-14
6854,occasional,3,2026-05-21,
6855,student,2,2025-11-06,
6856,weekender,3,2025-09-03,2025-09-15
6857,occasional,3,2025-03-21,
6858,student,2,2025-01-11,2025-10-17
6859,weekender,2,2026-03-09,
6860,occasional,3,2025-12-20,
6861,occasional,2,2025-05-10,
6862,commuter,1,2025-08-28,2025-09-30
6863,student,2,2026-01-24,
6864,occasional,1,2025-11-09,
6865,commuter,1,2025-06-03,
6866,commuter,1,2025-08-30,2025-10-24
6867,occasional,3,2026-02-10,
6868,occasional,3,2025-01-12,
6869,student,2,2025-06-16,2025-10-24
6870,commuter,1,2025-03-26,2025-11-24
6871,commuter,1,2025-07-04,
6872,occasional,3,2026-01-25,
6873,student,2,2025-12-30,
6874,commuter,1,2026-05-28,
6875,student,2,2025-04-16,2025-10-12
6876,student,2,2026-05-29,2026-05-29
6877,occasional,3,2025-01-09,
6878,occasional,2,2026-03-29,
6879,weekender,1,2025-09-30,
6880,occasional,3,2026-01-23,
6881,occasional,3,2026-01-31,
6882,weekender,3,2026-05-23,
6883,weekender,3,2025-05-10,
6884,student,2,2026-04-01,2026-04-01
6885,commuter,1,2025-02-07,2025-10-03
6886,commuter,1,2025-12-13,2025-12-21
6887,weekender,2,2025-12-14,2026-02-14
6888,occasional,3,2025-06-27,
6889,weekender,3,2025-10-21,
6890,occasional,3,2025-02-13,
6891,occasional,1,2026-01-10,2026-01-10
6892,occasional,3,2025-08-28,
6893,occasional,3,2025-12-21,
6894,weekender,3,2026-01-05,
6895,weekender,2,2025-10-23,2025-10-23
6896,commuter,1,2025-01-31,2025-09-17
6897,occasional,2,2026-03-16,2026-03-16
6898,occasional,3,2025-03-06,
6899,student,2,2025-09-19,2025-11-20
6900,student,2,2026-02-22,
6901,weekender,2,2025-04-06,2025-11-05
6902,occasional,3,2026-03-25,
6903,occasional,2,2025-08-08,
6904,occasional,1,2025-10-15,
6905,commuter,1,2026-02-24,2026-02-24
6906,weekender,1,2025-11-21,
6907,student,2,2025-11-24,2025-12-24
6908,occasional,1,2026-01-04,2026-01-15
6909,weekender,3,2026-01-01,
6910,commuter,1,2025-03-17,
6911,occasional,2,2025-05-11,
6912,weekender,3,2026-05-09,
6913,occasional,3,2026-05-15,
6914,occasional,3,2026-03-07,
6915,commuter,1,2025-06-01,2025-08-10
6916,weekender,1,2025-08-09,
6917,student,2,2026-03-17,2026-03-17
6918,commuter,1,2025-01-30,2025-12-20
6919,student,2,2025-08-30,2025-11-02
6920,occasional,2,2026-04-30,
6921,occasional,3,2025-11-21,
6922,occasional,3,2026-04-20,
6923,occasional,2,2025-09-21,
6924,occasional,3,2025-01-13,
6925,commuter,1,2025-07-01,2025-08-17
6926,weekender,3,2025-03-14,
6927,weekender,2,2025-06-04,
6928,occasional,3,2025-05-08,
6929,weekender,1,2025-12-23,
6930,commuter,1,2025-04-15,2026-02-03
6931,weekender,3,2026-02-27,
6932,commuter,1,2025-10-17,
6933,student,2,2025-09-04,2025-11-11
6934,student,2,2025-10-11,2025-12-24
6935,occasional,2,2025-03-18,
6936,commuter,1,2025-05-06,2025-11-18
6937,occasional,3,2025-01-03,
6938,occasional,2,2025-12-24,
6939,occasional,3,2025-06-19,
6940,occasional,3,2026-04-29,
6941,weekender,3,2025-06-07,
6942,occasional,3,2025-12-16,
6943,occasional,3,2025-08-31,2026-01-15
6944,occasional,3,2026-04-07,
6945,commuter,1,2025-12-01,2025-12-01
6946,weekender,3,2025-11-30,2026-01-07
6947,occasional,3,2026-01-08,2026-02-13
6948,student,2,2025-09-25,
6949,commuter,1,2025-09-20,
6950,weekender,3,2025-02-18,
6951,commuter,1,2025-01-27,
6952,weekender,3,2025-03-13,
6953,student,2,2025-12-20,2025-12-20
6954,weekender,1,2025-08-21,
6955,student,2,2025-11-01,2025-11-01
6956,weekender,3,2025-03-09,
6957,occasional,3,2026-01-04,
6958,commuter,1,2025-05-22,2025-09-24
6959,student,2,2025-08-19,2025-12-16
6960,commuter,1,2025-08-19,2025-12-18
6961,occasional,3,2025-11-10,
6962,commuter,1,2025-10-09,2026-02-03
6963,occasional,1,2026-02-21,
6964,commuter,1,2025-06-07,2025-11-15
6965,weekender,3,2025-03-26,
6966,occasional,3,2026-01-22,
6967,commuter,1,2025-06-22,
6968,commuter,1,2025-05-11,
6969,occasional,3,2026-05-15,2026-05-15
6970,student,2,2025-07-03,
6971,commuter,1,2025-11-25,2025-11-25
6972,occasional,3,2026-04-02,
6973,commuter,1,2026-02-02,
6974,weekender,2,2026-04-29,2026-04-29
6975,commuter,1,2025-11-22,
6976,weekender,3,2025-10-12,
6977,occasional,1,2026-05-24,
6978,student,2,2025-02-05,2025-09-02
6979,student,2,2026-01-17,
6980,student,2,2025-11-26,
6981,weekender,1,2025-03-21,
6982,weekender,1,2025-03-16,2026-01-09
6983,occasional,2,2025-09-07,
6984,occasional,3,2025-11-14,
6985,occasional,1,2026-03-14,
6986,occasional,1,2025-06-23,
6987,student,2,2025-03-15,2026-02-12
6988,occasional,1,2025-07-09,
6989,student,2,2025-09-09,
6990,occasional,3,2025-09-05,
6991,student,2,2025-10-02,2025-11-14
6992,occasional,3,2025-07-20,2025-10-22
6993,student,2,2026-05-13,2026-05-13
6994,occasional,2,2026-03-17,2026-03-17
6995,occasional,3,2026-05-30,2026-05-30
6996,weekender,3,2025-08-05,
6997,occasional,2,2025-12-21,
6998,commuter,1,2026-02-21,2026-02-21
6999,student,2,2026-01-01,2026-02-11
7000,weekender,3,2025-05-05,
7001,occasional,3,2025-06-29,
7002,occasional,1,2025-11-23,
7003,commuter,1,2025-10-13,2025-12-11
7004,weekender,1,2025-09-06,2025-12-04
7005,commuter,1,2025-11-04,
7006,occasional,1,2025-02-17,
7007,student,2,2025-07-16,2025-08-27
7008,occasional,3,2025-07-23,
7009,weekender,1,2025-11-20,
7010,occasional,1,2025-08-12,
7011,occasional,1,2026-05-07,
7012,student,2,2025-07-22,
7013,commuter,1,2025-01-15,2026-01-18
7014,student,2,2026-01-09,2026-01-09
7015,occasional,3,2025-08-27,
7016,student,2,2025-02-28,
7017,commuter,1,2025-10-12,
7018,commuter,1,2025-03-22,2025-10-02
7019,occasional,2,2025-11-15,
7020,student,2,2025-02-27,
7021,commuter,1,2025-04-19,
7022,commuter,1,2026-05-07,2026-05-07
7023,occasional,2,2026-01-24,
7024,occasional,3,2025-07-10,
7025,weekender,1,2026-03-17,2026-03-17
7026,student,2,2025-09-05,2025-12-20
7027,student,2,2025-05-25,
7028,student,2,2025-05-27,
7029,occasional,3,2026-02-07,
7030,student,2,2025-05-02,
7031,student,2,2026-01-13,
7032,weekender,1,2026-03-01,
7033,weekender,2,2025-07-20,
7034,student,2,2025-05-18,
7035,weekender,3,2025-07-16,
7036,occasional,3,2025-05-10,
7037,occasional,3,2025-10-22,
7038,occasional,3,2025-08-13,
7039,occasional,2,2025-06-22,
7040,commuter,1,2025-04-22,2025-11-29
7041,commuter,1,2025-10-17,2025-10-17
7042,commuter,1,2025-03-18,2025-08-14
7043,student,2,2025-07-16,
7044,occasional,3,2025-12-11,
7045,occasional,3,2026-04-14,
7046,student,2,2025-02-05,
7047,occasional,3,2026-04-16,
7048,occasional,1,2025-01-15,
7049,commuter,1,2026-05-16,
7050,commuter,1,2025-04-22,
7051,commuter,1,2026-04-04,2026-04-04
7052,occasional,3,2025-09-12,
7053,student,2,2025-01-26,
7054,weekender,2,2025-06-06,2026-01-16
7055,student,2,2025-07-07,2025-10-14
7056,student,2,2025-07-12,2025-10-12
7057,student,2,2025-09-10,2025-09-10
7058,commuter,1,2025-10-27,
7059,weekender,2,2025-01-02,
7060,occasional,3,2025-02-21,
7061,occasional,2,2026-01-22,2026-01-22
7062,commuter,1,2026-05-26,
7063,student,2,2025-01-07,2025-08-18
7064,student,2,2025-04-27,2025-10-21
7065,occasional,1,2025-08-27,
7066,student,2,2025-07-13,2025-11-22
7067,student,2,2025-06-18,2025-10-10
7068,weekender,2,2026-01-28,
7069,commuter,1,2025-06-19,2025-08-23
7070,occasional,3,2025-01-27,2026-01-09
7071,student,2,2025-09-22,
7072,weekender,1,2026-04-07,
7073,student,2,2026-02-04,
7074,commuter,1,2026-05-28,2026-05-28
7075,occasional,3,2025-07-16,
7076,occasional,2,2025-01-14,
7077,occasional,3,2025-02-03,
7078,student,2,2025-06-01,
7079,occasional,3,2025-07-11,
7080,occasional,1,2026-03-31,
7081,occasional,2,2025-09-21,
7082,occasional,3,2026-02-26,
7083,commuter,1,2025-10-01,2025-10-01
7084,occasional,3,2025-09-08,
7085,commuter,1,2025-06-10,2025-09-30
7086,weekender,3,2025-12-18,
7087,commuter,1,2025-02-10,
7088,student,2,2025-06-03,2026-02-04
7089,weekender,1,2025-02-06,2025-09-05
7090,weekender,3,2025-05-23,
7091,commuter,1,2026-02-05,2026-02-05
7092,weekender,1,2026-03-11,
7093,occasional,2,2025-11-14,
7094,commuter,1,2025-07-10,
7095,occasional,3,2025-06-22,
7096,student,2,2026-01-17,2026-01-17
7097,commuter,1,2025-10-23,2025-11-22
7098,weekender,2,2025-09-17,
7099,commuter,1,2025-12-22,
7100,occasional,2,2026-01-17,2026-01-17
7101,student,2,2025-09-27,
7102,weekender,1,2025-01-12,2025-11-19
7103,student,2,2026-03-08,2026-03-08
7104,occasional,1,2025-02-18,
7105,commuter,1,2026-04-06,
7106,occasional,3,2025-06-08,
7107,commuter,1,2026-02-22,2026-02-22
7108,occasional,3,2026-05-25,
7109,student,2,2025-07-23,2025-10-18
7110,weekender,3,2025-11-20,2025-11-20
7111,occasional,2,2026-03-10,
7112,commuter,1,2025-02-20,2025-12-27
7113,commuter,1,2025-10-14,
7114,occasional,3,2025-12-21,
7115,commuter,1,2025-03-13,2025-12-06
7116,occasional,2,2025-12-08,
7117,weekender,3,2025-11-27,2026-01-12
7118,occasional,3,2025-12-21,
7119,commuter,1,2026-05-17,
7120,occasional,1,2025-02-28,
7121,occasional,3,2025-12-28,
7122,weekender,3,2026-03-15,
7123,commuter,1,2025-01-05,2025-11-26
7124,commuter,1,2026-01-18,
7125,commuter,1,2025-01-28,2025-12-12
7126,student,2,2025-09-04,
7127,occasional,2,2026-01-24,
7128,occasional,3,2025-01-28,
7129,weekender,3,2025-10-28,
7130,student,2,2025-08-15,
7131,commuter,1,2025-06-12,
7132,occasional,2,2025-05-21,
7133,weekender,3,2026-04-28,
7134,weekender,3,2025-12-05,2025-12-05
7135,student,2,2025-10-13,2025-10-13
7136,occasional,1,2025-12-18,
7137,student,2,2026-04-17,2026-04-17
7138,student,2,2025-07-15,
7139,student,2,2025-06-27,
7140,commuter,1,2025-01-02,
7141,occasional,3,2025-03-27,
7142,occasional,2,2025-02-07,
7143,occasional,3,2026-04-07,
7144,commuter,1,2026-03-15,2026-03-15
7145,weekender,2,2026-03-11,
7146,commuter,1,2025-03-30,2026-01-27
7147,commuter,1,2025-02-14,
7148,commuter,1,2025-02-02,
7149,weekender,2,2025-10-25,
7150,occasional,2,2025-08-17,
7151,occasional,3,2025-04-22,2025-11-26
7152,student,2,2025-12-22,
7153,weekender,3,2025-11-01,
7154,occasional,1,2025-11-24,
7155,student,2,2025-01-13,
7156,student,2,2025-08-09,
7157,occasional,3,2026-03-19,
7158,student,2,2026-01-07,2026-01-07
7159,student,2,2026-02-06,2026-02-13
7160,student,2,2025-12-20,2025-12-20
7161,weekender,3,2026-02-11,
7162,occasional,1,2025-10-16,
7163,commuter,1,2026-04-28,
7164,commuter,1,2025-12-17,
7165,occasional,3,2026-04-25,
7166,occasional,2,2025-03-17,
7167,commuter,1,2025-12-31,2025-12-31
7168,occasional,3,2025-08-21,
7169,student,2,2025-12-19,2026-01-25
7170,student,2,2026-01-06,2026-01-06
7171,occasional,2,2026-05-30,
7172,occasional,3,2025-05-29,
7173,weekender,1,2025-04-12,
7174,occasional,3,2026-03-17,
7175,weekender,3,2026-05-23,
7176,weekender,2,2026-03-30,
7177,occasional,2,2026-05-04,2026-05-04
7178,student,2,2025-05-29,2026-02-13
7179,occasional,3,2025-03-13,
7180,student,2,2026-03-02,2026-03-02
7181,occasional,2,2025-09-06,
7182,occasional,1,2025-09-20,2025-09-20
7183,occasional,3,2025-01-10,
7184,commuter,1,2025-11-11,2026-01-03
7185,occasional,3,2026-04-16,
7186,weekender,1,2025-09-22,
7187,commuter,1,2025-10-05,2025-12-30
7188,commuter,1,2025-02-17,2025-11-02
7189,occasional,1,2025-03-27,
7190,occasional,3,2025-02-10,
7191,commuter,1,2026-05-04,2026-05-04
7192,occasional,1,2026-04-03,
7193,student,2,2026-05-25,
7194,occasional,2,2026-05-16,
7195,student,2,2025-04-17,2025-08-27
7196,occasional,3,2025-12-10,
7197,student,2,2025-02-25,2025-10-24
7198,occasional,1,2025-09-26,
7199,occasional,2,2026-03-01,
7200,student,2,2025-07-23,2025-10-28
7201,weekender,3,2025-04-21,
7202,occasional,3,2025-11-03,
7203,student,2,2025-11-26,2025-11-26
7204,occasional,3,2025-11-18,
7205,occasional,3,2026-02-01,
7206,commuter,1,2025-04-27,
7207,weekender,2,2025-08-28,
7208,occasional,1,2025-08-22,
7209,weekender,1,2025-06-30,
7210,occasional,3,2025-02-08,2025-08-30
7211,student,2,2026-04-23,
7212,occasional,1,2025-02-10,
7213,occasional,2,2025-05-13,
7214,student,2,2026-02-11,2026-02-11
7215,commuter,1,2025-06-29,
7216,weekender,3,2026-01-28,
7217,occasional,1,2026-05-17,
7218,student,2,2025-11-28,2025-11-28
7219,occasional,3,2026-02-07,
7220,occasional,3,2025-07-02,
7221,occasional,2,2025-08-30,
7222,occasional,3,2025-02-15,
7223,occasional,2,2025-11-02,
7224,student,2,2025-11-18,
7225,occasional,3,2026-03-05,2026-03-05
7226,occasional,3,2025-09-25,2025-09-25
7227,occasional,3,2025-02-06,
7228,commuter,1,2025-05-30,2025-10-18
7229,occasional,2,2025-04-25,
7230,student,2,2026-03-22,
7231,commuter,1,2025-12-07,2025-12-07
7232,occasional,2,2025-08-05,
7233,commuter,1,2025-08-14,2025-10-30
7234,weekender,1,2025-07-14,
7235,occasional,2,2026-04-10,
7236,student,2,2026-03-14,
7237,student,2,2026-03-27,
7238,student,2,2026-03-27,
7239,weekender,2,2025-07-04,2025-08-27
7240,occasional,1,2025-10-14,
7241,commuter,1,2025-06-15,2025-08-11
7242,student,2,2025-05-31,
7243,weekender,2,2025-06-10,
7244,occasional,3,2026-05-08,
7245,occasional,1,2025-03-08,
7246,occasional,3,2025-12-18,
7247,weekender,2,2025-09-27,2025-11-01
7248,occasional,3,2026-05-07,
7249,student,2,2025-08-07,2025-12-24
7250,occasional,3,2025-08-17,
7251,weekender,3,2026-04-27,
7252,weekender,3,2026-02-16,2026-02-16
7253,commuter,1,2026-02-28,
7254,student,2,2025-06-06,
7255,occasional,3,2026-02-03,
7256,weekender,1,2025-06-09,
7257,weekender,1,2026-05-08,
7258,occasional,1,2025-09-24,
7259,occasional,3,2025-03-15,
7260,occasional,2,2026-02-17,
7261,student,2,2025-08-20,
7262,weekender,3,2026-04-11,2026-04-11
7263,student,2,2025-04-27,
7264,occasional,1,2025-05-20,2025-08-18
7265,commuter,1,2025-08-26,2025-08-26
7266,weekender,1,2025-05-22,
7267,weekender,1,2025-05-08,
7268,weekender,2,2026-03-27,
7269,occasional,2,2025-12-11,
7270,student,2,2025-09-30,2025-11-08
7271,occasional,3,2026-04-06,
7272,student,2,2025-07-16,
7273,occasional,3,2025-04-22,
7274,occasional,3,2025-05-02,
7275,occasional,2,2025-02-13,
7276,student,2,2026-04-01,
7277,commuter,1,2025-04-07,2026-01-31
7278,occasional,3,2025-02-24,
7279,student,2,2025-05-08,2025-09-26
7280,student,2,2026-03-13,
7281,occasional,1,2025-10-01,
7282,commuter,1,2025-08-30,2025-10-14
7283,weekender,3,2025-07-27,
7284,commuter,1,2026-04-15,2026-04-15
7285,weekender,1,2026-03-05,2026-03-05
7286,commuter,1,2026-02-14,2026-02-14
7287,occasional,3,2025-04-09,
7288,occasional,3,2025-01-13,
7289,weekender,1,2025-10-10,
7290,occasional,3,2025-06-26,
7291,occasional,3,2025-12-24,2025-12-30
7292,commuter,1,2025-03-06,2025-09-02
7293,weekender,2,2025-10-06,2026-02-14
7294,student,2,2025-09-09,
7295,commuter,1,2025-08-22,2025-09-08
7296,occasional,3,2025-06-16,
7297,student,2,2025-06-22,
7298,commuter,1,2025-03-08,
7299,occasional,3,2025-08-13,
7300,student,2,2025-11-27,
7301,student,2,2025-09-23,
7302,occasional,2,2025-11-05,2025-11-30
7303,occasional,2,2025-04-12,
7304,student,2,2025-11-22,2025-11-22
7305,occasional,1,2025-04-04,
7306,weekender,1,2026-04-02,2026-04-02
7307,occasional,2,2026-02-27,
7308,occasional,3,2026-02-17,
7309,weekender,3,2025-06-30,2026-02-06
7310,occasional,1,2025-12-20,
7311,weekender,2,2026-04-29,
7312,student,2,2026-03-28,
7313,weekender,2,2025-03-16,
7314,student,2,2025-08-06,2026-01-10
7315,weekender,1,2025-10-06,
7316,occasional,2,2025-04-25,
7317,commuter,1,2025-01-06,
7318,occasional,3,2026-01-17,2026-01-17
7319,commuter,1,2025-04-03,
7320,student,2,2026-05-12,2026-05-12
7321,commuter,1,2026-05-05,2026-05-05
7322,occasional,1,2026-04-23,
7323,occasional,2,2026-02-22,
7324,student,2,2025-03-09,2025-08-05
7325,weekender,2,2025-11-09,2025-11-09
7326,weekender,2,2026-01-02,2026-01-02
7327,occasional,2,2025-09-16,
7328,student,2,2025-08-11,
7329,weekender,2,2025-03-25,2025-11-06
7330,weekender,1,2025-06-17,2025-12-02
7331,student,2,2025-03-06,2025-10-11
7332,weekender,3,2026-02-16,2026-02-16
7333,occasional,1,2025-03-24,
7334,occasional,3,2025-08-12,
7335,weekender,1,2026-03-17,
7336,student,2,2025-11-28,
7337,student,2,2025-06-06,2025-09-19
7338,weekender,3,2025-03-06,
7339,weekender,3,2026-04-30,
7340,occasional,3,2025-05-09,
7341,occasional,3,2025-06-14,
7342,student,2,2026-02-01,
7343,occasional,3,2026-03-19,
7344,student,2,2026-01-29,
7345,weekender,3,2026-03-27,
7346,student,2,2025-10-31,2025-10-31
7347,student,2,2026-05-29,
7348,commuter,1,2026-01-19,2026-01-19
7349,occasional,3,2026-05-04,
7350,student,2,2026-04-25,2026-04-25
7351,student,2,2025-04-30,
7352,weekender,3,2026-05-16,2026-05-16
7353,student,2,2025-09-27,2025-12-19
7354,weekender,1,2026-04-10,2026-04-10
7355,occasional,3,2026-02-17,
7356,weekender,1,2025-11-09,
7357,weekender,3,2025-11-11,2025-11-28
7358,commuter,1,2025-03-08,
7359,student,2,2025-12-02,2026-01-02
7360,commuter,1,2026-04-18,2026-04-18
7361,student,2,2025-05-29,2026-02-11
7362,weekender,1,2026-03-09,
7363,occasional,3,2026-05-07,
7364,occasional,2,2025-02-07,
7365,weekender,3,2025-01-05,2025-09-25
7366,weekender,2,2026-03-08,
7367,commuter,1,2026-01-28,
7368,occasional,1,2025-06-11,
7369,student,2,2025-07-19,
7370,student,2,2026-03-24,
7371,commuter,1,2025-04-23,
7372,occasional,1,2025-07-27,2025-08-28
7373,weekender,2,2026-02-09,2026-02-09
7374,student,2,2026-02-02,
7375,weekender,3,2026-05-15,2026-05-15
7376,student,2,2025-02-07,2025-10-22
7377,occasional,2,2025-07-11,2026-01-30
7378,commuter,1,2025-06-19,2026-01-14
7379,weekender,3,2026-02-04,
7380,occasional,3,2025-05-10,
7381,student,2,2025-10-25,
7382,occasional,3,2025-08-05,
7383,occasional,1,2026-04-11,
7384,student,2,2026-04-29,2026-04-29
7385,weekender,3,2025-10-12,
7386,student,2,2026-02-27,2026-02-27
7387,student,2,2025-06-20,
7388,weekender,1,2026-01-05,
7389,weekender,1,2025-07-19,
7390,commuter,1,2025-06-25,
7391,occasional,3,2025-02-28,
7392,occasional,3,2025-11-26,
7393,student,2,2025-04-01,
7394,occasional,3,2025-05-23,
7395,commuter,1,2025-01-23,2025-11-07
7396,commuter,1,2025-06-14,2025-09-19
7397,occasional,1,2025-05-26,2025-12-29
7398,occasional,2,2025-08-12,
7399,student,2,2026-04-10,2026-04-10
7400,weekender,1,2026-04-19,2026-04-19
7401,occasional,2,2026-03-30,
7402,weekender,3,2025-11-12,
7403,occasional,1,2025-08-21,
7404,commuter,1,2025-04-01,2025-11-19
7405,occasional,1,2025-04-21,
7406,weekender,3,2026-05-06,2026-05-06
7407,weekender,3,2025-12-30,
7408,occasional,2,2026-04-12,2026-04-12
7409,occasional,3,2025-02-11,
7410,student,2,2025-02-04,2025-09-13
7411,commuter,1,2026-05-03,2026-05-03
7412,occasional,2,2025-06-05,
7413,student,2,2025-01-03,
7414,student,2,2026-02-09,2026-02-09
7415,student,2,2026-03-13,2026-03-13
7416,commuter,1,2025-10-10,
7417,commuter,1,2025-04-26,
7418,commuter,1,2025-01-01,2025-09-03
7419,commuter,1,2026-05-13,
7420,commuter,1,2026-02-24,
7421,occasional,2,2025-06-28,2025-11-26
7422,weekender,2,2026-01-19,
7423,commuter,1,2025-01-27,2025-10-27
7424,occasional,1,2025-02-26,
7425,occasional,3,2025-08-21,
7426,occasional,2,2025-02-05,
7427,student,2,2025-07-22,
7428,student,2,2025-08-23,2025-09-02
7429,occasional,3,2025-05-22,
7430,occasional,3,2025-06-05,
7431,occasional,3,2025-07-13,
7432,student,2,2025-02-19,
7433,occasional,2,2025-08-24,
7434,occasional,2,2025-12-13,
7435,occasional,3,2026-01-17,
7436,weekender,3,2025-12-13,
7437,student,2,2026-01-24,2026-01-25
7438,occasional,2,2025-06-21,
7439,commuter,1,2025-06-23,
7440,student,2,2026-04-15,2026-04-15
7441,commuter,1,2025-04-21,2025-11-22
7442,commuter,1,2025-08-09,2025-11-15
7443,occasional,2,2026-05-08,
7444,occasional,2,2025-04-23,
7445,commuter,1,2025-10-20,
7446,student,2,2025-09-28,2025-10-26
7447,student,2,2025-12-19,
7448,commuter,1,2026-04-25,
7449,student,2,2025-06-06,
7450,commuter,1,2026-04-30,2026-04-30
7451,student,2,2025-02-11,2026-01-02
7452,student,2,2025-05-19,
7453,occasional,1,2025-12-18,
7454,student,2,2025-02-24,
7455,student,2,2025-05-21,2025-10-26
7456,weekender,3,2026-04-07,
7457,weekender,1,2025-04-10,
7458,weekender,1,2026-02-06,
7459,weekender,3,2025-11-13,
7460,student,2,2025-07-14,
7461,student,2,2025-06-02,2026-01-05
7462,occasional,3,2026-04-17,
7463,occasional,1,2025-07-26,2025-08-07
7464,student,2,2026-04-04,2026-04-04
7465,occasional,1,2025-07-13,
7466,occasional,2,2025-11-21,
7467,commuter,1,2025-04-05,2025-08-31
7468,weekender,3,2025-09-09,2025-09-09
7469,occasional,3,2025-01-11,
7470,weekender,2,2025-08-04,
7471,occasional,1,2025-04-03,
7472,student,2,2025-05-15,
7473,student,2,2026-01-21,2026-01-21
7474,occasional,3,2025-10-08,2026-02-12
7475,student,2,2026-04-06,
7476,student,2,2025-05-25,
7477,student,2,2026-01-15,
7478,commuter,1,2026-01-22,
7479,occasional,3,2026-04-14,
7480,weekender,3,2025-09-04,
7481,student,2,2025-07-31,
7482,occasional,1,2025-02-06,
7483,commuter,1,2025-05-20,2025-08-04
7484,occasional,3,2025-02-03,
7485,weekender,3,2025-03-14,
7486,occasional,3,2025-02-21,
7487,occasional,3,2025-10-05,
7488,commuter,1,2026-02-09,2026-02-09
7489,occasional,3,2025-09-08,2025-11-12
7490,student,2,2025-03-29,2025-12-14
7491,commuter,1,2025-07-04,2025-09-20
7492,commuter,1,2025-08-25,
7493,weekender,2,2025-10-20,
7494,occasional,1,2025-08-05,
7495,student,2,2026-05-20,
7496,weekender,3,2025-07-25,
7497,student,2,2025-03-13,
7498,occasional,3,2025-10-09,
7499,weekender,2,2025-07-14,2025-12-18
7500,student,2,2026-05-25,
7501,occasional,3,2026-04-08,
7502,weekender,3,2025-03-04,
7503,student,2,2025-11-27,2026-01-26
7504,student,2,2026-03-12,
7505,weekender,1,2025-10-10,2025-10-23
7506,weekender,1,2026-01-23,2026-01-23
7507,occasional,3,2025-11-13,
7508,student,2,2026-03-04,2026-03-04
7509,student,2,2025-11-19,2025-11-25
7510,weekender,3,2026-04-07,
7511,weekender,3,2025-09-20,
7512,student,2,2025-11-23,
7513,occasional,1,2025-07-11,
7514,commuter,1,2025-11-20,
7515,student,2,2026-04-12,
7516,occasional,2,2026-01-03,
7517,student,2,2025-06-05,
7518,occasional,1,2025-05-07,
7519,student,2,2026-02-12,
7520,commuter,1,2025-01-12,2026-02-12
7521,student,2,2025-02-22,2026-01-29
7522,occasional,1,2025-06-02,
7523,occasional,3,2026-02-09,
7524,occasional,3,2026-01-29,
7525,occasional,2,2025-01-03,
7526,weekender,3,2025-04-17,
7527,student,2,2025-03-26,2025-08-10
7528,student,2,2025-05-20,
7529,weekender,3,2026-01-23,
7530,weekender,1,2026-03-10,
7531,commuter,1,2025-04-10,2025-08-09
7532,student,2,2025-10-01,
7533,occasional,3,2025-09-16,
7534,student,2,2026-04-06,
7535,commuter,1,2026-01-22,2026-01-22
7536,commuter,1,2025-09-27,
7537,occasional,3,2025-09-19,
7538,commuter,1,2026-02-10,2026-02-10
7539,weekender,1,2025-11-23,2025-11-23
7540,occasional,2,2025-01-01,
7541,occasional,3,2026-03-12,
7542,occasional,2,2025-08-23,
7543,occasional,2,2025-08-13,
7544,student,2,2025-11-30,2025-12-16
7545,student,2,2026-04-13,2026-04-13
7546,occasional,2,2025-12-27,2025-12-27
7547,occasional,3,2025-11-25,2025-11-25
7548,weekender,1,2025-02-20,2026-01-28
7549,student,2,2025-05-19,2025-10-16
7550,weekender,3,2026-05-20,2026-05-20
7551,occasional,3,2025-09-08,
7552,occasional,1,2026-04-18,
7553,commuter,1,2025-02-21,2026-02-11
7554,occasional,3,2026-01-06,2026-01-06
7555,commuter,1,2025-07-16,
7556,commuter,1,2025-09-25,2025-09-25
7557,weekender,2,2025-05-23,
7558,commuter,1,2025-11-15,2025-12-19
7559,weekender,1,2025-03-14,
7560,weekender,3,2025-03-15,
7561,student,2,2026-04-18,
7562,occasional,3,2026-01-14,
7563,student,2,2026-01-01,2026-01-19
7564,occasional,3,2025-12-05,
7565,student,2,2026-05-25,2026-05-25
7566,occasional,1,2026-01-19,2026-01-19
7567,commuter,1,2026-02-27,
7568,occasional,2,2026-03-09,2026-03-09
7569,occasional,1,2025-08-13,
7570,student,2,2026-02-15,2026-02-15
7571,occasional,3,2025-08-28,2025-10-02
7572,occasional,3,2025-03-17,
7573,student,2,2025-07-18,2025-09-15
7574,occasional,3,2025-02-20,
7575,student,2,2025-06-12,2026-01-13
7576,student,2,2025-12-20,2025-12-20
7577,student,2,2025-08-29,
7578,occasional,3,2025-03-17,
7579,occasional,3,2025-10-01,
7580,weekender,3,2025-08-31,
7581,occasional,3,2025-02-15,
7582,occasional,3,2025-02-08,2025-12-16
7583,weekender,3,2025-06-19,
7584,occasional,1,2026-04-15,
7585,occasional,2,2026-04-26,
7586,occasional,3,2025-05-24,
7587,occasional,1,2025-06-27,2025-09-05
7588,occasional,2,2025-12-12,2026-01-15
7589,occasional,1,2026-02-23,
7590,occasional,1,2025-07-17,
7591,occasional,1,2025-11-24,
7592,occasional,3,2025-12-29,
7593,student,2,2026-05-17,2026-05-17
7594,occasional,3,2026-02-16,
7595,occasional,2,2025-03-25,
7596,weekender,3,2026-04-21,
7597,commuter,1,2026-01-27,2026-01-27
7598,student,2,2025-04-28,
7599,weekender,1,2025-09-01,
7600,commuter,1,2026-04-16,2026-04-16
7601,occasional,3,2025-01-05,
7602,student,2,2025-09-19,
7603,commuter,1,2025-09-11,2025-12-23
7604,weekender,3,2026-04-18,
7605,student,2,2026-03-31,2026-03-31
7606,commuter,1,2025-03-02,2025-11-21
7607,weekender,3,2025-04-14,
7608,student,2,2025-10-02,2025-10-02
7609,commuter,1,2025-01-11,2025-09-26
7610,commuter,1,2025-12-24,
7611,occasional,3,2025-01-01,
7612,occasional,3,2025-07-04,
7613,commuter,1,2025-07-19,2025-09-08
7614,occasional,1,2025-09-23,
7615,occasional,2,2025-09-17,
7616,weekender,1,2026-05-03,2026-05-03
7617,weekender,3,2026-05-06,2026-05-06
7618,occasional,2,2025-11-12,
7619,student,2,2025-06-22,2026-01-15
7620,student,2,2025-03-01,2026-01-16
7621,weekender,1,2025-03-29,
7622,occasional,3,2025-02-16,
7623,student,2,2025-03-22,2025-08-24
7624,student,2,2026-05-24,2026-05-24
7625,weekender,3,2025-05-20,2025-11-29
7626,student,2,2026-03-27,
7627,occasional,3,2026-01-01,
7628,weekender,3,2025-03-19,2025-09-15
7629,occasional,3,2025-04-28,2025-10-09
7630,commuter,1,2026-04-06,2026-04-06
7631,student,2,2026-01-02,2026-01-02
7632,occasional,1,2025-03-10,
7633,occasional,3,2025-11-18,
7634,occasional,1,2025-10-13,
7635,commuter,1,2025-09-18,2025-09-23
7636,occasional,2,2025-10-12,
7637,weekender,2,2025-03-22,
7638,commuter,1,2026-03-01,2026-03-01
7639,student,2,2026-05-30,
7640,occasional,2,2025-09-23,2025-09-23
7641,weekender,3,2026-05-17,2026-05-17
7642,weekender,3,2025-06-27,
7643,occasional,3,2025-06-18,
7644,commuter,1,2025-03-28,
7645,weekender,3,2025-09-05,2025-09-05
7646,student,2,2025-09-07,
7647,occasional,3,2025-07-28,
7648,student,2,2026-04-14,2026-04-14
7649,occasional,3,2026-02-10,
7650,weekender,1,2025-09-21,
7651,weekender,3,2025-06-01,
7652,occasional,1,2025-06-15,
7653,occasional,3,2025-12-09,
7654,student,2,2025-08-31,2025-12-18
7655,occasional,1,2026-05-13,
7656,student,2,2025-03-12,
7657,weekender,2,2025-01-06,
7658,student,2,2025-07-17,2025-10-13
7659,student,2,2025-03-17,2025-09-04
7660,student,2,2026-01-25,2026-01-25
7661,occasional,3,2026-05-16,2026-05-16
7662,occasional,2,2025-08-15,
7663,occasional,3,2025-01-15,
7664,student,2,2026-03-14,2026-03-14
7665,weekender,3,2025-12-19,
7666,weekender,3,2025-08-26,
7667,student,2,2025-08-03,2025-08-26
7668,occasional,2,2025-08-05,
7669,occasional,3,2026-03-12,
7670,commuter,1,2026-05-01,2026-05-01
7671,occasional,3,2025-11-15,
7672,weekender,2,2025-11-07,
7673,student,2,2025-04-03,
7674,occasional,2,2026-01-16,
7675,student,2,2026-04-17,
7676,weekender,3,2026-03-20,
7677,occasional,2,2026-05-17,
7678,occasional,3,2025-04-27,
7679,student,2,2026-04-18,2026-04-18
7680,occasional,2,2025-03-10,
7681,student,2,2026-04-14,
7682,occasional,2,2025-06-09,2025-08-12
7683,weekender,2,2025-09-11,2025-10-12
7684,commuter,1,2026-01-07,
7685,occasional,2,2025-02-10,
7686,occasional,3,2025-07-08,2025-08-22
7687,occasional,1,2025-12-12,
7688,occasional,1,2026-05-29,2026-05-29
7689,occasional,1,2025-03-22,
7690,commuter,1,2025-08-11,2025-08-23
7691,occasional,3,2025-09-02,2025-12-12
7692,commuter,1,2026-02-19,2026-02-19
7693,commuter,1,2026-01-23,
7694,commuter,1,2025-11-25,
7695,occasional,2,2025-10-15,
7696,commuter,1,2026-03-08,
7697,student,2,2025-08-17,2025-11-23
7698,weekender,1,2025-04-27,2026-02-07
7699,weekender,3,2026-05-11,
7700,occasional,1,2025-07-29,
7701,occasional,3,2025-07-14,
7702,occasional,3,2025-01-12,
7703,occasional,3,2025-01-20,
7704,commuter,1,2025-01-19,
7705,occasional,3,2025-05-11,
7706,weekender,1,2025-10-12,
7707,weekender,2,2025-04-23,
7708,commuter,1,2025-11-21,
7709,weekender,3,2025-06-22,
7710,occasional,3,2026-02-16,
7711,student,2,2026-01-15,2026-01-15
7712,weekender,3,2025-01-31,2025-11-30
7713,occasional,3,2025-02-01,2025-10-06
7714,occasional,1,2026-02-21,
7715,commuter,1,2026-05-15,2026-05-15
7716,student,2,2025-07-15,
7717,commuter,1,2025-08-12,
7718,commuter,1,2026-05-14,2026-05-14
7719,commuter,1,2025-01-27,2026-01-19
7720,occasional,2,2025-03-18,
7721,occasional,3,2025-07-12,
7722,student,2,2026-03-19,2026-03-19
7723,commuter,1,2025-09-25,2025-09-25
7724,student,2,2025-03-17,2025-08-31
7725,weekender,3,2026-04-12,2026-04-12
7726,student,2,2026-03-03,2026-03-03
7727,student,2,2025-05-07,2026-02-07
7728,occasional,3,2026-01-20,2026-01-20
7729,student,2,2025-03-12,2025-12-24
7730,commuter,1,2025-06-19,
7731,occasional,3,2025-05-26,
7732,commuter,1,2025-04-14,
7733,commuter,1,2025-09-08,2025-09-08
7734,student,2,2026-01-13,2026-01-13
7735,weekender,2,2025-03-19,
7736,commuter,1,2026-04-23,2026-04-23
7737,weekender,1,2025-10-01,
7738,weekender,3,2025-07-25,
7739,weekender,1,2026-03-09,
7740,commuter,1,2025-08-16,2025-09-04
7741,weekender,3,2025-02-01,2025-08-14
7742,occasional,3,2025-07-31,
7743,occasional,3,2025-02-09,
7744,commuter,1,2026-01-25,2026-01-25
7745,occasional,1,2025-03-05,
7746,occasional,1,2025-03-04,2026-02-11
7747,occasional,2,2026-05-14,
7748,occasional,3,2025-01-14,
7749,weekender,3,2026-03-13,
7750,student,2,2025-08-16,
7751,weekender,3,2025-05-01,2026-01-15
7752,occasional,3,2025-11-23,
7753,student,2,2025-12-01,
7754,occasional,3,2025-04-03,2025-09-04
7755,weekender,1,2025-01-13,
7756,student,2,2026-04-25,
7757,occasional,3,2025-12-19,
7758,occasional,3,2025-09-24,
7759,commuter,1,2026-02-16,2026-02-16
7760,weekender,3,2025-01-22,
7761,commuter,1,2025-10-24,2025-12-07
7762,occasional,3,2025-07-12,
7763,student,2,2026-01-19,2026-01-19
7764,occasional,1,2025-06-17,
7765,weekender,3,2025-03-19,
7766,weekender,3,2026-03-23,
7767,occasional,3,2026-04-12,
7768,commuter,1,2025-01-14,2025-09-03
7769,occasional,3,2025-10-01,
7770,student,2,2025-03-31,2025-08-14
7771,weekender,1,2026-03-22,
7772,occasional,3,2026-03-30,
7773,weekender,2,2026-01-18,
7774,occasional,2,2025-08-08,
7775,occasional,3,2025-09-15,
7776,weekender,3,2025-06-16,
7777,commuter,1,2026-04-15,
7778,student,2,2025-11-13,2026-01-19
7779,occasional,3,2025-07-14,2026-01-21
7780,occasional,2,2025-02-26,
7781,commuter,1,2025-04-12,2025-11-13
7782,weekender,2,2025-11-23,
7783,student,2,2025-01-19,
7784,student,2,2026-05-09,2026-05-09
7785,student,2,2026-01-26,
7786,occasional,1,2026-04-20,
7787,student,2,2025-01-06,
7788,student,2,2026-01-16,
7789,student,2,2026-01-05,2026-01-19
7790,weekender,3,2025-04-18,
7791,occasional,2,2026-02-01,
7792,weekender,1,2025-12-31,2025-12-31
7793,commuter,1,2026-03-25,2026-03-25
7794,occasional,1,2026-03-06,
7795,commuter,1,2025-06-18,2025-11-04
7796,student,2,2026-01-01,
7797,commuter,1,2025-01-17,2026-02-12
7798,student,2,2025-05-08,2026-01-29
7799,commuter,1,2026-05-30,2026-05-30
7800,occasional,1,2026-03-25,
7801,weekender,3,2026-02-03,2026-02-03
7802,occasional,3,2025-11-30,
7803,weekender,3,2025-09-02,
7804,weekender,3,2025-01-23,2025-09-21
7805,occasional,1,2025-09-15,
7806,weekender,1,2025-09-19,
7807,commuter,1,2026-01-02,2026-02-04
7808,occasional,3,2025-03-26,
7809,commuter,1,2025-12-22,2025-12-22
7810,student,2,2025-10-19,2025-10-19
7811,occasional,2,2025-05-19,
7812,student,2,2025-07-25,2025-09-04
7813,occasional,2,2026-02-14,
7814,student,2,2026-01-29,2026-01-29
7815,occasional,3,2025-12-26,
7816,weekender,2,2025-09-21,
7817,occasional,3,2025-01-13,
7818,occasional,2,2025-11-03,
7819,student,2,2025-05-18,
7820,commuter,1,2025-07-28,2026-01-25
7821,weekender,2,2025-01-17,
7822,student,2,2025-03-03,2025-11-07
7823,weekender,3,2025-09-04,2025-12-08
7824,weekender,1,2025-03-30,
7825,weekender,2,2025-12-20,
7826,student,2,2025-04-03,
7827,student,2,2025-03-23,
7828,student,2,2025-09-09,2025-09-09
7829,occasional,2,2025-09-23,
7830,occasional,3,2026-04-08,
7831,student,2,2025-11-25,2025-11-25
7832,occasional,2,2026-05-10,
7833,weekender,3,2025-03-31,
7834,weekender,1,2025-03-09,
7835,weekender,1,2026-04-10,
7836,student,2,2025-11-05,
7837,student,2,2026-01-21,2026-01-21
7838,weekender,2,2025-11-23,2025-11-23
7839,commuter,1,2026-02-03,
7840,student,2,2025-10-03,
7841,student,2,2025-10-20,
7842,weekender,2,2025-05-08,2025-09-29
7843,occasional,2,2025-01-25,
7844,weekender,3,2026-01-16,
7845,occasional,3,2026-05-15,
7846,student,2,2026-05-09,2026-05-09
7847,occasional,3,2025-04-24,
7848,student,2,2025-07-30,
7849,occasional,1,2025-07-29,
7850,occasional,3,2025-07-13,
7851,student,2,2026-01-08,2026-01-08
7852,occasional,3,2025-12-09,
7853,occasional,1,2026-01-17,
7854,occasional,2,2025-02-18,
7855,weekender,1,2026-05-28,2026-05-28
7856,commuter,1,2025-04-16,2026-02-02
7857,weekender,3,2026-02-14,2026-02-14
7858,weekender,3,2026-05-04,
7859,commuter,1,2026-03-07,
7860,student,2,2026-03-28,2026-03-28
7861,commuter,1,2025-01-23,2025-09-18
7862,student,2,2025-11-13,
7863,student,2,2025-07-04,
7864,student,2,2025-01-16,2025-10-18
7865,commuter,1,2025-03-29,2025-10-14
7866,student,2,2025-06-18,
7867,commuter,1,2025-05-02,
7868,occasional,3,2025-03-15,
7869,occasional,3,2025-06-25,
7870,occasional,3,2025-11-22,
7871,student,2,2025-08-14,
7872,occasional,3,2026-04-18,
7873,occasional,3,2025-07-08,
7874,occasional,1,2026-02-16,
7875,occasional,1,2025-07-16,
7876,weekender,2,2025-11-10,2025-11-10
7877,occasional,3,2025-02-22,
7878,weekender,3,2025-11-22,2025-11-22
7879,weekender,2,2025-03-03,
7880,occasional,1,2026-03-18,
7881,student,2,2025-04-25,
7882,occasional,3,2025-07-06,
7883,occasional,3,2026-02-26,2026-02-26
7884,weekender,3,2025-06-03,2026-01-20
7885,student,2,2025-11-04,2025-11-09
7886,student,2,2025-12-04,
7887,occasional,3,2025-06-29,
7888,weekender,3,2025-09-17,
7889,student,2,2026-01-20,2026-01-20
7890,weekender,2,2026-03-20,
7891,weekender,3,2025-02-21,
7892,commuter,1,2025-08-26,2025-11-24
7893,student,2,2025-09-05,2025-12-26
7894,occasional,1,2026-02-06,
7895,occasional,3,2025-12-05,
7896,occasional,1,2025-07-08,
7897,weekender,1,2025-05-21,
7898,weekender,1,2025-05-19,
7899,weekender,3,2025-12-31,
7900,occasional,1,2025-03-10,
7901,weekender,1,2026-02-04,
7902,occasional,2,2025-03-18,
7903,occasional,2,2026-03-20,2026-03-20
7904,student,2,2025-09-15,
7905,commuter,1,2025-04-15,2025-08-23
7906,student,2,2025-08-04,
7907,weekender,3,2025-04-30,2025-11-04
7908,occasional,3,2025-04-11,2025-10-01
7909,student,2,2025-04-01,2025-11-04
7910,occasional,3,2026-01-17,
7911,student,2,2026-04-03,2026-04-03
7912,occasional,3,2026-05-06,
7913,commuter,1,2025-01-07,
7914,commuter,1,2025-06-28,
7915,student,2,2026-02-13,
7916,commuter,1,2026-04-26,
7917,occasional,3,2026-02-25,
7918,weekender,1,2025-08-26,2025-12-07
7919,occasional,2,2025-12-28,
7920,occasional,3,2026-04-25,
7921,student,2,2025-10-12,
7922,weekender,1,2025-12-09,
7923,weekender,3,2026-01-15,2026-01-15
7924,occasional,1,2025-01-25,
7925,occasional,2,2025-03-19,
7926,occasional,3,2025-03-05,2025-11-07
7927,student,2,2025-03-01,2025-08-29
7928,occasional,1,2025-12-18,2026-02-06
7929,student,2,2025-12-23,
7930,weekender,1,2025-04-18,
7931,student,2,2025-10-15,2025-10-15
7932,student,2,2026-04-17,2026-04-17
7933,student,2,2025-07-17,2026-01-20
7934,student,2,2025-11-27,2025-11-27
7935,commuter,1,2025-09-10,
7936,weekender,3,2025-10-11,2025-12-28
7937,weekender,3,2026-01-25,
7938,occasional,1,2026-05-17,
7939,weekender,3,2026-04-08,
7940,occasional,2,2025-10-22,
7941,occasional,2,2025-12-22,
7942,commuter,1,2026-02-20,2026-02-20
7943,occasional,2,2025-10-06,
7944,weekender,3,2025-04-16,2025-08-09
7945,occasional,3,2025-11-21,
7946,weekender,1,2025-07-26,
7947,commuter,1,2025-12-19,
7948,student,2,2025-09-07,
7949,student,2,2025-11-12,
7950,student,2,2025-08-30,2026-01-13
7951,commuter,1,2025-01-17,
7952,student,2,2025-06-11,2025-10-26
7953,occasional,3,2026-02-06,
7954,commuter,1,2025-03-12,2025-10-25
7955,student,2,2026-03-09,2026-03-09
7956,student,2,2026-02-08,2026-02-08
7957,weekender,3,2025-10-10,
7958,weekender,3,2025-06-12,2026-02-10
7959,weekender,2,2025-01-26,2025-11-01
7960,student,2,2025-09-09,
7961,commuter,1,2025-04-13,
7962,occasional,2,2025-05-14,
7963,student,2,2026-02-09,2026-02-09
7964,occasional,3,2025-04-20,2025-11-24
7965,commuter,1,2025-09-07,2025-12-30
7966,weekender,2,2026-03-27,
7967,student,2,2025-12-05,2025-12-05
7968,occasional,3,2026-01-14,
7969,occasional,1,2025-01-13,
7970,commuter,1,2025-10-29,2025-11-09
7971,occasional,3,2026-03-16,
7972,commuter,1,2025-11-08,2026-01-14
7973,weekender,2,2025-08-16,
7974,student,2,2026-05-06,
7975,weekender,3,2025-09-20,
7976,commuter,1,2026-05-02,2026-05-02
7977,commuter,1,2025-12-18,2025-12-18
7978,weekender,2,2025-09-16,
7979,weekender,2,2025-01-12,
7980,weekender,2,2025-11-15,
7981,occasional,1,2026-04-02,
7982,student,2,2026-04-04,2026-04-04
7983,commuter,1,2025-05-30,2026-02-03
7984,student,2,2025-12-12,
7985,student,2,2025-11-09,
7986,weekender,3,2025-02-28,
7987,commuter,1,2026-02-21,
7988,occasional,3,2025-01-31,
7989,commuter,1,2025-07-16,2026-02-08
7990,student,2,2025-08-15,
7991,commuter,1,2026-04-05,2026-04-05
7992,occasional,2,2025-01-28,2025-08-12
7993,occasional,3,2025-06-09,
7994,occasional,2,2025-04-12,
7995,student,2,2025-06-25,
7996,commuter,1,2025-06-14,2026-01-24
7997,commuter,1,2025-12-28,2025-12-28
7998,commuter,1,2026-05-20,
7999,commuter,1,2025-03-10,2026-02-02
8000,occasional,3,2025-02-01,
8001,weekender,3,2025-04-26,2026-01-30
8002,commuter,1,2026-03-31,
8003,commuter,1,2025-12-08,
8004,weekender,3,2025-06-08,
8005,occasional,3,2026-04-09,
8006,occasional,3,2025-07-24,
8007,commuter,1,2026-05-03,
8008,occasional,2,2025-03-03,
8009,occasional,3,2025-02-21,
8010,occasional,1,2026-02-14,
8011,student,2,2026-02-21,2026-02-21
8012,occasional,2,2025-11-07,
8013,student,2,2026-05-13,
8014,occasional,3,2026-02-21,
8015,student,2,2025-01-01,
8016,student,2,2025-06-26,2025-11-06
8017,occasional,3,2026-01-20,
8018,occasional,3,2026-01-02,
8019,occasional,1,2026-02-01,
8020,occasional,1,2026-05-10,
8021,student,2,2026-04-12,2026-04-12
8022,student,2,2025-04-29,2025-11-13
8023,occasional,3,2026-03-16,
8024,student,2,2025-11-01,2025-11-01
8025,student,2,2026-05-11,
8026,occasional,2,2025-04-30,
8027,occasional,2,2025-11-07,
8028,student,2,2025-11-16,
8029,occasional,1,2025-02-14,
8030,weekender,2,2025-10-05,
8031,occasional,1,2026-03-12,
8032,commuter,1,2025-02-12,
8033,commuter,1,2025-09-23,2025-09-30
8034,occasional,1,2025-11-23,
8035,weekender,1,2026-05-14,
8036,commuter,1,2026-05-14,2026-05-14
8037,occasional,3,2025-07-10,
8038,occasional,3,2025-04-07,
8039,occasional,3,2025-09-19,
8040,commuter,1,2026-03-08,
8041,weekender,3,2025-09-30,
8042,occasional,3,2025-09-15,
8043,commuter,1,2025-03-16,2026-01-18
8044,occasional,3,2025-06-22,
8045,student,2,2026-04-18,
8046,occasional,3,2025-04-16,
8047,student,2,2025-02-18,2025-10-14
8048,occasional,3,2026-03-23,
8049,weekender,3,2026-01-13,
8050,occasional,3,2025-09-05,2025-10-02
8051,commuter,1,2026-05-17,2026-05-17
8052,weekender,1,2025-11-08,2025-12-10
8053,student,2,2025-09-01,
8054,occasional,1,2026-04-24,
8055,student,2,2025-03-19,
8056,student,2,2025-11-02,
8057,weekender,3,2025-08-11,2025-09-12
8058,weekender,1,2025-05-04,
8059,occasional,1,2025-03-03,
8060,occasional,3,2026-04-26,
8061,student,2,2025-01-08,2025-10-30
8062,occasional,3,2026-01-31,2026-01-31
8063,occasional,1,2025-09-22,
8064,occasional,2,2025-01-06,
8065,occasional,3,2025-05-24,
8066,student,2,2025-03-31,
8067,occasional,1,2025-08-04,
8068,weekender,3,2025-02-23,2026-01-18
8069,commuter,1,2026-01-19,2026-01-19
8070,weekender,2,2026-04-14,2026-04-14
8071,occasional,2,2026-01-20,
8072,weekender,3,2025-11-10,2025-11-10
8073,occasional,2,2026-01-19,
8074,weekender,1,2025-12-16,
8075,occasional,3,2025-04-19,2025-11-26
8076,occasional,1,2026-04-27,
8077,occasional,3,2026-02-27,2026-02-27
8078,student,2,2025-06-07,
8079,weekender,3,2025-09-23,
8080,occasional,2,2025-06-20,2025-10-03
8081,student,2,2025-02-05,2025-11-30
8082,student,2,2025-04-16,2025-12-10
8083,commuter,1,2025-12-10,2025-12-10
8084,commuter,1,2026-05-05,2026-05-05
8085,student,2,2025-12-18,2025-12-18
8086,commuter,1,2025-09-23,2025-09-23
8087,weekender,3,2025-01-30,
8088,occasional,3,2025-12-05,2025-12-05
8089,student,2,2025-01-19,
8090,occasional,1,2025-09-26,
8091,occasional,3,2025-07-29,
8092,commuter,1,2025-08-25,2026-01-10
8093,occasional,3,2026-01-04,
8094,commuter,1,2025-01-06,2025-11-08
8095,student,2,2025-12-22,2025-12-22
8096,occasional,3,2025-07-12,
8097,student,2,2026-03-01,2026-03-01
8098,student,2,2026-04-22,2026-04-22
8099,student,2,2026-04-10,2026-04-10
8100,occasional,3,2026-01-21,
8101,occasional,3,2026-03-26,2026-03-26
8102,occasional,3,2025-06-27,
8103,occasional,3,2026-01-07,
8104,occasional,2,2025-04-30,
8105,occasional,2,2025-07-13,
8106,occasional,2,2026-02-11,
8107,student,2,2026-05-16,2026-05-16
8108,occasional,3,2025-05-19,
8109,commuter,1,2026-02-17,2026-02-17
8110,occasional,3,2026-04-29,2026-04-29
8111,commuter,1,2025-07-25,2025-11-29
8112,weekender,2,2025-12-29,
8113,commuter,1,2026-01-22,
8114,occasional,2,2025-12-21,
8115,occasional,3,2025-11-10,2025-11-10
8116,occasional,1,2025-03-22,
8117,student,2,2025-01-27,2025-11-02
8118,weekender,1,2026-04-15,2026-04-15
8119,student,2,2025-08-14,
8120,weekender,1,2025-05-06,2026-01-05
8121,weekender,3,2025-07-02,
8122,occasional,3,2025-11-12,2026-01-31
8123,commuter,1,2025-04-21,2025-08-12
8124,student,2,2026-05-26,2026-05-26
8125,commuter,1,2025-08-10,
8126,student,2,2026-02-05,2026-02-05
8127,commuter,1,2025-06-25,
8128,commuter,1,2026-03-01,
8129,occasional,1,2025-01-06,
8130,commuter,1,2025-03-13,
8131,commuter,1,2025-03-05,2026-01-25
8132,weekender,3,2026-03-05,
8133,occasional,3,2026-01-18,
8134,weekender,1,2025-03-08,2025-11-11
8135,occasional,2,2025-07-18,2026-02-02
8136,weekender,1,2025-02-03,2026-01-17
8137,student,2,2026-05-04,
8138,occasional,1,2025-04-02,
8139,student,2,2025-09-21,2025-09-21
8140,commuter,1,2026-04-28,
8141,student,2,2025-12-04,2025-12-04
8142,student,2,2025-04-22,2025-09-17
8143,commuter,1,2025-02-28,2025-09-15
8144,student,2,2026-05-23,
8145,commuter,1,2025-02-25,
8146,student,2,2025-09-29,2026-02-11
8147,weekender,3,2025-12-03,
8148,occasional,2,2025-08-23,2025-10-16
8149,occasional,3,2026-04-12,
8150,commuter,1,2026-04-05,2026-04-05
8151,student,2,2026-03-23,2026-03-23
8152,weekender,1,2025-09-24,
8153,occasional,3,2025-03-13,2026-01-12
8154,student,2,2025-07-29,
8155,weekender,3,2025-03-07,
8156,student,2,2025-03-01,2025-09-29
8157,occasional,2,2026-05-19,
8158,occasional,2,2025-04-16,
8159,weekender,2,2025-11-09,
8160,weekender,3,2025-01-21,
8161,occasional,1,2025-12-25,
8162,occasional,1,2025-11-20,
8163,occasional,2,2025-03-04,2025-10-18
8164,weekender,3,2025-07-01,2025-11-12
8165,occasional,3,2025-12-17,
8166,occasional,2,2025-03-06,
8167,commuter,1,2025-06-05,2025-11-03
8168,occasional,3,2025-08-15,
8169,occasional,2,2025-01-19,2025-09-04
8170,occasional,1,2025-10-26,
8171,weekender,1,2025-12-21,2026-01-14
8172,occasional,3,2025-01-31,
8173,occasional,2,2025-11-09,
8174,weekender,3,2025-04-29,2025-12-10
8175,occasional,2,2025-04-05,2025-11-10
8176,commuter,1,2026-01-11,2026-01-16
8177,student,2,2025-03-20,2025-09-26
8178,occasional,2,2026-02-22,
8179,commuter,1,2025-10-21,2026-02-10
8180,student,2,2025-04-21,
8181,weekender,1,2025-02-05,
8182,occasional,3,2025-04-01,
8183,occasional,3,2025-03-27,
8184,occasional,3,2025-09-08,
8185,occasional,3,2025-06-21,
8186,occasional,2,2025-06-07,2025-09-30
8187,occasional,3,2026-03-21,2026-03-21
8188,student,2,2025-11-01,2025-11-22
8189,occasional,3,2025-12-19,
8190,commuter,1,2025-04-04,2025-11-14
8191,occasional,1,2025-03-19,
8192,commuter,1,2026-01-11,2026-02-02
8193,weekender,3,2025-09-29,
8194,occasional,3,2025-08-27,
8195,occasional,2,2026-01-21,
8196,student,2,2025-02-05,2025-12-20
8197,occasional,3,2025-06-19,
8198,commuter,1,2026-04-26,
8199,occasional,3,2025-10-26,
8200,occasional,3,2025-01-27,2025-09-08
8201,occasional,1,2025-09-09,
8202,occasional,2,2025-10-15,
8203,weekender,3,2025-10-20,2025-11-26
8204,student,2,2026-04-02,
8205,student,2,2025-02-11,
8206,student,2,2025-09-16,2025-11-18
8207,student,2,2025-11-15,2025-11-15
8208,weekender,1,2025-02-23,
8209,occasional,3,2025-01-31,
8210,occasional,3,2025-09-29,
8211,occasional,2,2025-05-01,
8212,occasional,2,2026-03-24,
8213,occasional,3,2026-01-04,
8214,weekender,1,2025-07-15,
8215,student,2,2025-10-22,
8216,occasional,3,2026-02-07,
8217,occasional,1,2026-01-20,
8218,occasional,3,2025-09-09,
8219,student,2,2025-01-10,
8220,occasional,2,2025-01-27,
8221,student,2,2025-06-07,
8222,student,2,2025-08-29,
8223,weekender,2,2025-04-05,
8224,occasional,3,2025-01-26,
8225,occasional,3,2026-02-09,
8226,commuter,1,2025-10-23,2026-02-06
8227,occasional,3,2026-02-11,2026-02-11
8228,occasional,2,2026-03-17,
8229,occasional,2,2026-04-19,2026-04-19
8230,student,2,2026-03-13,2026-03-13
8231,occasional,3,2025-06-01,
8232,occasional,2,2025-09-25,
8233,weekender,3,2026-02-20,
8234,student,2,2025-05-03,
8235,student,2,2025-01-18,
8236,occasional,3,2026-05-13,2026-05-13
8237,student,2,2026-03-26,
8238,student,2,2025-01-11,2025-09-21
8239,student,2,2025-02-01,2025-11-26
8240,occasional,3,2025-10-18,
8241,occasional,1,2025-12-08,
8242,student,2,2026-01-08,
8243,weekender,3,2025-04-14,
8244,student,2,2026-03-29,
8245,student,2,2025-03-27,2025-09-10
8246,commuter,1,2025-04-30,
8247,occasional,2,2025-03-23,
8248,student,2,2025-11-01,2025-11-24
8249,occasional,1,2025-01-05,
8250,occasional,3,2026-04-18,
8251,weekender,2,2025-02-04,
8252,commuter,1,2026-03-22,2026-03-22
8253,occasional,2,2026-03-10,2026-03-10
8254,occasional,3,2025-02-17,
8255,commuter,1,2025-10-10,2026-02-04
8256,student,2,2026-04-29,2026-04-29
8257,occasional,2,2025-04-07,2025-11-23
8258,commuter,1,2025-09-22,2026-01-21
8259,weekender,2,2026-03-29,
8260,weekender,1,2025-02-06,2025-09-21
8261,student,2,2025-02-24,
8262,occasional,3,2025-08-27,
8263,weekender,1,2025-11-08,
8264,occasional,2,2025-08-19,
8265,occasional,3,2025-12-25,
8266,weekender,3,2025-04-15,
8267,commuter,1,2025-05-21,
8268,occasional,3,2026-03-13,
8269,student,2,2025-03-17,2025-12-07
8270,weekender,3,2025-12-12,
8271,commuter,1,2026-02-08,
8272,occasional,3,2025-04-14,2026-01-05
8273,occasional,2,2025-12-31,
8274,occasional,3,2025-04-27,2025-12-21
8275,occasional,2,2025-05-31,
8276,student,2,2025-01-10,2025-08-04
8277,occasional,1,2025-11-02,
8278,commuter,1,2026-03-08,2026-03-08
8279,weekender,3,2026-01-16,
8280,student,2,2025-09-24,
8281,weekender,1,2025-03-31,
8282,student,2,2026-05-12,
8283,weekender,1,2025-01-13,
8284,occasional,3,2026-01-19,
8285,weekender,2,2026-05-05,
8286,commuter,1,2026-02-04,2026-02-04
8287,commuter,1,2025-10-15,2025-12-01
8288,commuter,1,2026-03-29,
8289,occasional,1,2026-03-23,
8290,student,2,2025-06-06,2026-02-06
8291,occasional,1,2025-05-03,2025-08-26
8292,weekender,3,2025-10-24,
8293,weekender,3,2025-12-16,
8294,student,2,2025-06-15,2025-09-05
8295,commuter,1,2025-01-30,2025-11-18
8296,weekender,3,2025-09-27,2026-01-07
8297,student,2,2025-03-21,2026-01-14
8298,occasional,3,2025-10-27,
8299,occasional,2,2025-05-15,
8300,commuter,1,2026-05-22,
8301,student,2,2025-09-22,
8302,occasional,1,2026-05-26,2026-05-26
8303,occasional,2,2025-05-24,
8304,occasional,3,2026-02-07,
8305,occasional,3,2025-09-21,
8306,commuter,1,2026-05-25,2026-05-25
8307,occasional,2,2025-03-07,
8308,weekender,3,2025-05-27,
8309,occasional,3,2025-05-23,
8310,commuter,1,2025-08-27,
8311,commuter,1,2025-03-24,2025-09-27
8312,occasional,2,2026-04-14,
8313,occasional,3,2025-07-27,
8314,student,2,2025-04-04,
8315,weekender,3,2026-04-08,
8316,occasional,1,2025-12-25,
8317,occasional,3,2026-05-23,
8318,occasional,2,2025-04-06,
8319,occasional,3,2025-09-16,2025-09-16
8320,occasional,2,2025-03-25,
8321,weekender,3,2026-05-05,2026-05-05
8322,occasional,2,2026-05-16,
8323,occasional,3,2025-09-03,
8324,weekender,1,2025-03-16,
8325,commuter,1,2025-08-22,2025-09-30
8326,occasional,1,2025-06-29,
8327,occasional,3,2025-08-13,2026-02-16
8328,student,2,2025-08-30,
8329,occasional,2,2025-01-28,2025-11-02
8330,occasional,1,2026-05-23,
8331,occasional,2,2025-10-10,
8332,weekender,1,2025-08-10,
8333,occasional,3,2025-12-20,
8334,student,2,2026-03-22,
8335,occasional,3,2026-02-16,2026-02-16
8336,student,2,2025-03-21,
8337,student,2,2025-09-18,
8338,commuter,1,2025-06-28,
8339,student,2,2025-06-08,2025-11-02
8340,commuter,1,2025-11-23,2026-01-17
8341,weekender,3,2025-11-26,2025-11-26
8342,weekender,2,2025-07-04,
8343,weekender,2,2025-12-11,
8344,occasional,1,2025-10-28,
8345,commuter,1,2025-07-17,
8346,occasional,3,2025-01-27,2025-09-25
8347,student,2,2025-12-30,
8348,weekender,1,2025-11-02,
8349,occasional,2,2025-10-04,
8350,student,2,2025-09-12,
8351,occasional,1,2026-02-06,
8352,occasional,1,2025-12-08,
8353,occasional,2,2026-03-07,2026-03-07
8354,occasional,1,2025-04-01,
8355,occasional,2,2025-03-24,
8356,student,2,2026-02-15,
8357,occasional,3,2025-10-16,
8358,commuter,1,2025-05-31,
8359,student,2,2025-01-14,2025-10-29
8360,commuter,1,2025-12-13,2025-12-13
8361,occasional,1,2026-03-10,
8362,student,2,2025-10-26,
8363,student,2,2026-05-04,
8364,commuter,1,2026-05-13,
8365,occasional,3,2025-05-26,
8366,weekender,1,2026-05-02,
8367,occasional,1,2025-06-24,
8368,occasional,1,2025-06-26,
8369,commuter,1,2025-05-05,2025-08-01
8370,weekender,2,2025-01-27,2025-08-03
8371,occasional,3,2025-11-22,2026-02-16
8372,occasional,3,2025-07-17,
8373,occasional,1,2025-01-08,2026-01-09
8374,occasional,3,2025-10-26,
8375,occasional,2,2026-03-14,
8376,occasional,2,2025-04-09,
8377,weekender,3,2025-11-12,2025-12-06
8378,weekender,3,2025-10-20,
8379,commuter,1,2026-04-11,2026-04-11
8380,weekender,3,2025-03-02,2025-09-26
8381,commuter,1,2025-04-09,2026-01-10
8382,weekender,2,2025-06-07,
8383,student,2,2025-10-08,2026-01-03
8384,commuter,1,2025-12-08,2026-02-07
8385,weekender,1,2025-07-21,
8386,weekender,1,2025-04-22,
8387,occasional,2,2025-05-16,
8388,occasional,3,2025-08-22,
8389,weekender,2,2025-08-18,
8390,occasional,3,2025-03-21,
8391,occasional,2,2025-05-09,
8392,occasional,3,2025-05-14,
8393,commuter,1,2026-04-02,2026-04-02
8394,weekender,2,2025-02-28,
8395,occasional,2,2025-06-24,2025-09-17
8396,weekender,2,2026-01-03,
8397,weekender,3,2025-04-07,
8398,occasional,2,2025-12-07,
8399,student,2,2026-04-06,2026-04-06
8400,commuter,1,2025-08-01,2026-01-18
8401,student,2,2025-12-24,
8402,commuter,1,2025-09-05,
8403,commuter,1,2025-08-27,
8404,occasional,1,2026-04-11,
8405,occasional,1,2025-07-03,
8406,student,2,2025-09-05,
8407,occasional,3,2025-01-12,
8408,occasional,3,2026-04-05,
8409,occasional,3,2026-03-06,
8410,weekender,1,2026-04-29,2026-04-29
8411,weekender,2,2025-05-15,
8412,weekender,1,2025-08-24,
8413,weekender,1,2025-07-01,
8414,student,2,2025-11-27,2025-11-27
8415,occasional,3,2025-10-31,
8416,occasional,1,2026-05-21,
8417,weekender,3,2025-09-09,2025-09-09
8418,weekender,3,2025-09-21,2025-09-21
8419,occasional,3,2026-01-17,2026-01-17
8420,commuter,1,2025-10-30,2025-10-30
8421,commuter,1,2025-06-28,
8422,weekender,2,2025-11-16,
8423,occasional,2,2025-08-07,
8424,occasional,3,2025-06-12,
8425,occasional,3,2025-03-03,
8426,student,2,2025-10-03,2025-10-03
8427,commuter,1,2025-06-09,
8428,student,2,2025-05-10,2026-01-20
8429,student,2,2025-12-13,2025-12-13
8430,occasional,3,2025-02-14,2025-09-24
8431,occasional,1,2025-02-07,2025-09-10
8432,occasional,2,2026-02-06,2026-02-06
8433,occasional,2,2025-08-27,
8434,occasional,3,2025-12-27,
8435,occasional,2,2025-01-23,2025-12-30
8436,weekender,2,2025-02-12,2025-11-09
8437,occasional,3,2025-12-13,
8438,weekender,2,2025-03-27,
8439,commuter,1,2025-05-24,2025-10-16
8440,weekender,2,2025-01-09,
8441,occasional,2,2025-10-08,
8442,weekender,3,2026-03-12,
8443,occasional,1,2025-12-22,
8444,occasional,3,2026-04-17,
8445,commuter,1,2025-12-17,2025-12-17
8446,commuter,1,2025-09-09,2025-09-21
8447,weekender,3,2025-10-23,
8448,weekender,3,2026-01-31,
8449,student,2,2025-09-27,2025-10-23
8450,student,2,2025-02-23,
8451,occasional,1,2025-12-23,
8452,occasional,3,2025-12-19,
8453,weekender,1,2025-03-06,
8454,weekender,2,2025-10-24,
8455,student,2,2026-04-30,
8456,commuter,1,2025-06-07,2025-09-27
8457,weekender,3,2026-03-18,
8458,weekender,1,2026-04-10,2026-04-10
8459,occasional,3,2025-04-16,
8460,commuter,1,2026-04-16,
8461,occasional,3,2026-04-04,
8462,commuter,1,2025-05-24,2025-10-01
8463,occasional,3,2025-08-06,
8464,occasional,3,2026-01-31,
8465,student,2,2025-09-29,2026-02-14
8466,commuter,1,2025-03-17,2025-12-26
8467,student,2,2026-04-20,
8468,student,2,2026-01-05,2026-02-02
8469,occasional,3,2025-09-30,2026-01-18
8470,student,2,2025-05-28,2025-12-29
8471,weekender,2,2025-06-11,
8472,occasional,2,2025-07-06,
8473,occasional,1,2025-11-24,
8474,occasional,3,2025-12-19,2025-12-19
8475,commuter,1,2026-01-26,
8476,weekender,3,2025-04-25,
8477,commuter,1,2025-09-28,2025-09-28
8478,occasional,3,2026-01-01,2026-01-01
8479,occasional,2,2026-04-13,2026-04-13
8480,commuter,1,2025-02-07,2025-08-01
8481,occasional,2,2026-04-05,
8482,occasional,1,2025-06-16,
8483,commuter,1,2025-05-02,2026-02-14
8484,occasional,1,2025-08-12,
8485,occasional,3,2025-12-08,
8486,student,2,2025-08-05,
8487,weekender,1,2025-02-11,
8488,weekender,2,2025-01-31,
8489,occasional,3,2025-04-18,2026-01-07
8490,occasional,2,2025-12-20,
8491,commuter,1,2025-11-23,
8492,commuter,1,2025-06-25,2025-09-05
8493,occasional,1,2025-06-26,
8494,occasional,3,2025-07-12,
8495,occasional,3,2026-03-07,
8496,weekender,1,2025-03-29,2025-11-30
8497,student,2,2025-01-25,2025-12-24
8498,commuter,1,2025-09-22,2025-11-19
8499,weekender,3,2025-06-06,
8500,occasional,1,2025-02-19,
8501,student,2,2025-06-28,2025-09-17
8502,weekender,3,2025-02-08,
8503,commuter,1,2025-10-31,2025-10-31
8504,commuter,1,2026-05-16,2026-05-16
8505,commuter,1,2025-09-30,2025-10-28
8506,occasional,3,2025-07-03,
8507,weekender,3,2025-02-17,
8508,commuter,1,2025-04-30,2026-02-07
8509,occasional,2,2025-09-06,
8510,occasional,1,2026-02-07,
8511,student,2,2025-06-26,2025-12-20
8512,student,2,2026-04-29,
8513,occasional,3,2026-03-13,
8514,commuter,1,2025-07-02,2026-01-29
8515,commuter,1,2026-05-27,2026-05-27
8516,student,2,2025-11-10,2025-11-10
8517,commuter,1,2026-03-09,
8518,occasional,3,2026-05-25,
8519,student,2,2025-04-18,
8520,weekender,1,2025-03-09,
8521,occasional,1,2026-05-21,
8522,student,2,2025-09-08,2025-12-31
8523,occasional,1,2025-08-26,2025-10-24
8524,occasional,3,2025-01-13,
8525,weekender,2,2025-01-30,
8526,weekender,3,2026-03-25,
8527,commuter,1,2025-09-10,2025-09-10
8528,occasional,3,2026-01-12,
8529,occasional,3,2025-08-22,
8530,weekender,3,2025-07-28,
8531,student,2,2025-04-21,
8532,commuter,1,2025-01-23,2025-09-03
8533,weekender,1,2025-12-02,
8534,commuter,1,2026-01-23,2026-01-23
8535,commuter,1,2025-05-22,2025-09-30
8536,commuter,1,2025-05-05,2025-12-11
8537,occasional,3,2026-04-02,
8538,occasional,3,2025-12-21,
8539,occasional,3,2025-09-16,2025-11-19
8540,weekender,2,2025-03-14,
8541,occasional,3,2025-06-04,
8542,weekender,1,2025-02-19,2025-08-15
8543,weekender,3,2025-07-01,
8544,commuter,1,2025-05-18,2026-01-17
8545,occasional,3,2026-01-05,
8546,weekender,1,2025-07-03,
8547,weekender,3,2025-11-05,2026-01-19
8548,occasional,3,2025-11-04,
8549,occasional,3,2025-05-01,
8550,weekender,1,2025-07-11,2025-10-31
8551,student,2,2025-07-23,2025-09-04
8552,weekender,1,2026-05-26,
8553,student,2,2025-06-26,2025-10-18
8554,weekender,3,2026-02-13,
8555,commuter,1,2025-01-12,
8556,commuter,1,2025-10-22,2025-10-22
8557,occasional,3,2026-04-25,
8558,weekender,3,2025-05-09,2025-09-17
8559,weekender,1,2025-03-01,2026-02-08
8560,occasional,3,2026-01-27,
8561,commuter,1,2026-05-05,
8562,occasional,1,2025-03-31,
8563,commuter,1,2025-06-18,2025-08-18
8564,occasional,3,2026-03-21,
8565,commuter,1,2025-11-21,2025-12-09
8566,occasional,3,2025-04-05,
8567,occasional,3,2026-02-27,
8568,student,2,2026-03-06,
8569,student,2,2025-09-02,2025-09-08
8570,occasional,2,2025-01-13,
8571,occasional,2,2025-06-11,
8572,occasional,3,2025-09-08,
8573,student,2,2025-07-25,2025-08-20
8574,student,2,2025-09-08,2026-01-19
8575,occasional,3,2025-09-23,
8576,occasional,1,2026-03-23,
8577,commuter,1,2025-12-02,2026-02-12
8578,weekender,2,2026-02-08,
8579,weekender,2,2025-12-30,
8580,weekender,3,2025-01-07,2025-12-23
8581,weekender,3,2025-06-28,2025-12-24
8582,weekender,3,2025-04-20,
8583,weekender,3,2025-10-25,
8584,weekender,1,2025-10-30,2025-10-30
8585,commuter,1,2025-01-09,
8586,weekender,3,2025-02-20,
8587,occasional,3,2025-04-14,
8588,occasional,2,2025-11-01,2026-02-12
8589,occasional,3,2025-01-29,2025-11-13
8590,weekender,3,2025-09-09,
8591,weekender,3,2025-10-05,
8592,commuter,1,2026-04-20,2026-04-20
8593,student,2,2025-06-05,2025-12-20
8594,occasional,2,2026-05-17,
8595,occasional,3,2025-04-20,
8596,student,2,2025-05-09,
8597,weekender,3,2026-02-07,
8598,commuter,1,2025-07-21,
8599,commuter,1,2025-01-03,2025-08-22
8600,commuter,1,2025-06-24,2025-10-30
8601,student,2,2025-05-29,2025-08-08
8602,commuter,1,2025-01-19,
8603,weekender,1,2025-04-24,2025-11-27
8604,student,2,2025-08-06,2025-08-08
8605,commuter,1,2026-03-05,2026-03-05
8606,student,2,2025-09-23,
8607,weekender,3,2025-10-08,
8608,weekender,3,2025-11-19,2025-11-19
8609,occasional,2,2025-06-20,
8610,student,2,2025-02-05,2025-12-09
8611,commuter,1,2025-06-25,2025-12-17
8612,occasional,2,2025-12-08,
8613,occasional,1,2025-05-03,
8614,student,2,2025-02-20,
8615,student,2,2025-02-01,
8616,weekender,1,2025-06-17,
8617,commuter,1,2025-08-24,
8618,weekender,2,2025-03-29,
8619,occasional,2,2026-01-10,
8620,occasional,3,2025-10-10,
8621,student,2,2026-05-07,
8622,student,2,2025-02-14,2025-08-03
8623,weekender,3,2025-10-16,
8624,occasional,3,2026-01-05,
8625,commuter,1,2026-02-03,2026-02-03
8626,occasional,3,2025-05-20,
8627,student,2,2025-04-17,2026-01-16
8628,commuter,1,2025-10-10,2025-10-26
8629,occasional,1,2025-02-05,2025-08-19
8630,student,2,2025-07-06,2025-09-05
8631,weekender,3,2026-04-06,2026-04-06
8632,student,2,2025-08-12,
8633,occasional,3,2025-02-24,2025-10-03
8634,occasional,2,2025-03-12,
8635,student,2,2025-02-07,2025-09-04
8636,commuter,1,2026-01-08,2026-01-08
8637,weekender,3,2025-03-05,
8638,occasional,3,2025-02-18,2025-11-17
8639,occasional,3,2025-09-27,
8640,weekender,3,2025-12-15,2025-12-15
8641,occasional,1,2025-09-08,
8642,occasional,1,2026-04-11,
8643,commuter,1,2025-04-02,
8644,commuter,1,2026-04-15,
8645,occasional,3,2025-12-14,
8646,occasional,3,2026-05-22,
8647,commuter,1,2025-06-22,
8648,occasional,3,2026-01-13,
8649,student,2,2025-06-16,2026-01-19
8650,commuter,1,2026-04-01,2026-04-01
8651,weekender,2,2025-02-27,
8652,student,2,2025-04-23,2025-12-31
8653,occasional,3,2025-11-28,
8654,commuter,1,2025-09-20,
8655,student,2,2026-04-27,2026-04-27
8656,commuter,1,2026-05-09,2026-05-09
8657,student,2,2025-03-23,2026-01-25
8658,commuter,1,2025-12-10,2025-12-10
8659,commuter,1,2026-01-30,
8660,occasional,1,2025-06-01,2025-09-28
8661,student,2,2025-01-22,2025-11-04
8662,occasional,1,2025-04-05,
8663,student,2,2026-05-06,
8664,weekender,3,2026-05-01,
8665,student,2,2026-01-31,
8666,occasional,1,2025-11-26,
8667,occasional,1,2026-02-08,
8668,commuter,1,2025-10-04,2025-10-04
8669,occasional,3,2026-02-05,
8670,weekender,2,2025-01-29,
8671,student,2,2025-10-14,2025-11-18
8672,weekender,2,2025-03-01,
8673,student,2,2026-03-06,
8674,commuter,1,2026-02-16,2026-02-16
8675,commuter,1,2025-01-30,2025-08-24
8676,commuter,1,2025-06-15,
8677,commuter,1,2026-05-24,2026-05-24
8678,occasional,1,2025-06-08,
8679,commuter,1,2025-07-24,
8680,occasional,1,2025-05-22,2025-11-01
8681,commuter,1,2025-10-22,2025-12-13
8682,student,2,2026-04-23,2026-04-23
8683,weekender,1,2025-01-01,
8684,occasional,3,2026-03-31,
8685,student,2,2025-07-19,2025-08-10
8686,occasional,1,2025-03-18,2025-10-13
8687,occasional,3,2025-09-27,
8688,weekender,2,2025-08-05,
8689,weekender,1,2025-12-06,
8690,student,2,2025-11-08,
8691,student,2,2026-04-17,2026-04-17
8692,commuter,1,2026-05-08,2026-05-08
8693,commuter,1,2026-04-04,
8694,student,2,2026-01-06,2026-01-06
8695,occasional,1,2025-06-16,
8696,student,2,2026-03-14,
8697,occasional,1,2025-11-25,
8698,commuter,1,2025-03-04,2025-09-07
8699,weekender,3,2026-04-05,
8700,occasional,3,2025-02-23,
8701,occasional,3,2025-08-19,
8702,student,2,2025-05-22,2025-10-06
8703,occasional,2,2026-03-28,2026-03-28
8704,student,2,2025-01-21,
8705,occasional,2,2025-02-02,
8706,weekender,2,2025-07-26,2025-10-13
8707,weekender,3,2025-06-23,
8708,weekender,2,2026-01-06,2026-01-06
8709,occasional,3,2026-01-13,2026-01-13
8710,student,2,2026-01-19,
8711,student,2,2025-04-21,
8712,student,2,2026-02-17,
8713,commuter,1,2025-12-03,
8714,commuter,1,2025-10-23,
8715,commuter,1,2026-03-28,2026-03-28
8716,occasional,2,2026-02-28,
8717,student,2,2026-03-04,2026-03-04
8718,weekender,3,2025-12-31,
8719,occasional,3,2025-06-02,2026-01-15
8720,weekender,1,2026-05-28,
8721,occasional,3,2025-06-01,
8722,weekender,2,2025-04-13,2025-09-26
8723,weekender,3,2025-04-08,
8724,student,2,2025-03-25,2025-09-26
8725,occasional,3,2025-10-04,
8726,student,2,2025-08-12,2025-12-21
8727,occasional,1,2025-10-05,
8728,commuter,1,2025-11-09,2025-11-09
8729,student,2,2026-04-12,2026-04-12
8730,occasional,2,2025-06-15,
8731,occasional,2,2025-09-04,
8732,weekender,3,2026-01-19,2026-01-19
8733,occasional,1,2025-06-09,
8734,weekender,3,2025-12-22,2025-12-22
8735,occasional,3,2025-09-11,
8736,occasional,1,2025-09-24,
8737,occasional,3,2025-01-06,
8738,weekender,1,2025-11-06,
8739,occasional,3,2026-05-27,
8740,student,2,2025-10-19,2025-10-28
8741,occasional,2,2025-06-10,
8742,weekender,3,2025-09-15,
8743,occasional,2,2025-02-14,
8744,occasional,2,2025-06-20,
8745,student,2,2025-05-15,
8746,occasional,1,2026-02-03,
8747,weekender,3,2025-03-20,2026-01-22
8748,commuter,1,2026-02-12,
8749,occasional,3,2025-05-04,
8750,occasional,2,2025-07-12,
8751,commuter,1,2025-08-08,2025-10-06
8752,commuter,1,2026-02-01,2026-02-01
8753,commuter,1,2025-05-12,
8754,occasional,1,2026-05-03,2026-05-03
8755,student,2,2026-01-05,
8756,weekender,3,2025-04-07,
8757,commuter,1,2026-01-05,
8758,student,2,2026-03-28,
8759,occasional,1,2025-05-22,
8760,weekender,2,2025-08-25,
8761,occasional,2,2026-05-11,
8762,occasional,2,2025-02-01,
8763,occasional,3,2025-11-29,
8764,commuter,1,2025-12-26,2026-01-28
8765,commuter,1,2025-08-05,2025-08-26
8766,occasional,3,2026-02-04,
8767,student,2,2026-03-01,
8768,commuter,1,2025-09-26,2025-09-26
8769,weekender,3,2025-12-19,
8770,weekender,3,2025-04-19,2025-11-30
8771,student,2,2025-08-14,2026-01-10
8772,occasional,1,2026-02-18,
8773,occasional,3,2026-02-13,
8774,commuter,1,2026-03-14,2026-03-14
8775,occasional,1,2025-10-21,
8776,occasional,1,2026-01-13,
8777,occasional,3,2025-03-08,
8778,occasional,2,2026-03-17,
8779,student,2,2025-07-09,2026-01-23
8780,occasional,3,2025-11-08,
8781,occasional,3,2025-12-19,2025-12-20
8782,weekender,3,2025-11-16,
8783,weekender,1,2025-10-22,2026-01-27
8784,occasional,3,2025-12-24,
8785,occasional,2,2025-08-14,
8786,occasional,3,2026-01-19,
8787,student,2,2025-05-01,2025-09-10
8788,commuter,1,2026-01-23,2026-01-23
8789,occasional,3,2025-09-28,
8790,student,2,2025-05-27,
8791,student,2,2025-04-13,2025-10-24
8792,weekender,1,2025-04-17,2025-11-03
8793,weekender,2,2026-03-27,2026-03-27
8794,occasional,2,2025-05-21,
8795,student,2,2025-12-17,
8796,occasional,3,2026-04-19,
8797,occasional,1,2025-08-17,
8798,student,2,2026-05-14,
8799,weekender,3,2026-04-26,
8800,occasional,3,2025-03-03,
8801,weekender,2,2026-03-27,2026-03-27
8802,student,2,2025-10-10,
8803,weekender,3,2025-04-29,
8804,occasional,3,2025-04-05,
8805,student,2,2026-01-13,
8806,weekender,2,2025-10-14,
8807,occasional,1,2025-05-29,
8808,occasional,2,2025-03-12,
8809,commuter,1,2026-02-15,2026-02-15
8810,student,2,2025-05-19,2025-12-05
8811,weekender,3,2026-04-06,
8812,weekender,1,2025-06-23,
8813,commuter,1,2025-01-14,
8814,weekender,1,2025-06-17,
8815,student,2,2025-12-26,2025-12-26
8816,student,2,2025-09-26,
8817,commuter,1,2025-01-26,2025-10-01
8818,occasional,2,2025-09-26,
8819,commuter,1,2025-10-18,
8820,occasional,3,2026-05-12,
8821,commuter,1,2026-05-16,2026-05-16
8822,commuter,1,2026-04-23,2026-04-23
8823,occasional,3,2025-07-29,
8824,occasional,3,2025-01-15,
8825,weekender,3,2025-11-18,2025-11-19
8826,weekender,2,2025-06-13,
8827,student,2,2025-02-04,
8828,student,2,2025-10-09,
8829,occasional,2,2025-04-12,2025-08-13
8830,student,2,2025-10-10,
8831,weekender,3,2025-08-21,2026-01-19
8832,occasional,1,2025-03-02,
8833,student,2,2026-03-09,2026-03-09
8834,occasional,3,2026-05-26,
8835,student,2,2025-11-16,2025-11-16
8836,commuter,1,2025-07-27,
8837,commuter,1,2025-02-03,
8838,occasional,3,2025-01-17,
8839,student,2,2026-05-19,
8840,weekender,3,2025-09-19,
8841,occasional,3,2025-11-09,2025-11-09
8842,occasional,1,2025-05-04,
8843,occasional,2,2025-05-10,
8844,student,2,2025-02-21,
8845,occasional,2,2025-09-03,
8846,occasional,3,2026-04-23,
8847,occasional,2,2026-01-20,
8848,student,2,2026-01-16,
8849,occasional,2,2025-05-09,
8850,student,2,2025-01-05,
8851,weekender,3,2026-03-08,
8852,occasional,2,2025-06-16,
8853,weekender,2,2025-05-25,
8854,occasional,3,2026-02-21,2026-02-21
8855,student,2,2026-02-04,
8856,weekender,3,2025-04-29,2025-11-30
8857,weekender,3,2025-01-04,2025-11-04
8858,occasional,3,2025-07-16,
8859,student,2,2025-09-17,
8860,student,2,2025-09-30,
8861,occasional,3,2025-11-25,
8862,occasional,3,2026-03-03,2026-03-03
8863,occasional,1,2025-11-13,
8864,student,2,2025-05-23,2025-11-15
8865,occasional,1,2026-05-10,2026-05-10
8866,commuter,1,2025-01-23,2026-01-19
8867,occasional,3,2025-05-10,
8868,weekender,3,2025-07-04,
8869,occasional,3,2026-05-04,
8870,commuter,1,2025-12-18,2025-12-18
8871,student,2,2026-05-13,2026-05-13
8872,occasional,2,2025-07-06,
8873,commuter,1,2025-11-24,
8874,occasional,3,2026-02-03,
8875,student,2,2025-06-13,
8876,occasional,3,2025-12-03,
8877,occasional,1,2025-05-02,
8878,occasional,3,2025-11-30,
8879,commuter,1,2025-12-11,
8880,student,2,2025-01-05,2025-12-16
8881,occasional,1,2025-01-27,
8882,commuter,1,2025-05-04,2026-01-11
8883,occasional,3,2025-10-22,
8884,occasional,3,2025-01-27,2025-08-03
8885,commuter,1,2026-04-25,2026-04-25
8886,occasional,1,2025-02-13,
8887,occasional,2,2025-06-25,
8888,student,2,2025-03-31,
8889,student,2,2025-06-15,
8890,occasional,3,2025-08-24,
8891,occasional,3,2025-09-25,2025-12-12
8892,occasional,3,2025-03-09,
8893,weekender,3,2025-04-28,
8894,student,2,2025-03-19,2026-01-30
8895,occasional,3,2026-03-18,
8896,commuter,1,2025-09-15,2025-11-21
8897,weekender,2,2026-02-22,
8898,weekender,1,2025-06-10,2026-02-12
8899,occasional,1,2025-01-16,
8900,occasional,1,2026-02-11,
8901,occasional,3,2026-02-15,
8902,occasional,3,2025-08-23,
8903,occasional,1,2025-08-26,
8904,student,2,2025-12-29,
8905,student,2,2025-11-23,
8906,occasional,3,2026-04-20,
8907,occasional,3,2026-02-24,
8908,student,2,2025-04-08,2026-02-14
8909,student,2,2026-05-05,
8910,occasional,3,2026-02-14,
8911,weekender,1,2026-05-24,2026-05-24
8912,student,2,2025-12-07,
8913,occasional,3,2025-06-26,
8914,student,2,2025-08-30,2025-08-30
8915,student,2,2025-10-14,
8916,commuter,1,2025-03-21,2025-10-26
8917,student,2,2025-12-06,
8918,occasional,1,2025-01-05,
8919,occasional,2,2026-03-19,
8920,occasional,2,2025-05-10,
8921,commuter,1,2025-05-10,2026-01-22
8922,weekender,3,2025-07-15,2025-10-05
8923,student,2,2025-01-05,2025-12-15
8924,student,2,2025-01-12,
8925,student,2,2025-04-03,
8926,commuter,1,2025-01-18,
8927,commuter,1,2025-02-25,2025-11-13
8928,weekender,3,2025-07-01,
8929,weekender,2,2025-04-24,
8930,occasional,3,2025-09-21,
8931,weekender,3,2026-05-21,2026-05-21
8932,weekender,1,2025-01-20,2025-08-23
8933,occasional,3,2026-03-01,
8934,occasional,2,2025-04-12,
8935,occasional,3,2025-10-10,
8936,occasional,3,2026-02-27,
8937,occasional,2,2025-06-05,
8938,weekender,1,2025-10-16,2025-10-16
8939,student,2,2026-03-17,
8940,student,2,2026-02-28,2026-02-28
8941,student,2,2026-02-11,2026-02-11
8942,commuter,1,2025-07-03,2026-02-02
8943,weekender,3,2025-10-19,2026-02-15
8944,commuter,1,2026-01-21,2026-01-21
8945,weekender,1,2025-12-31,
8946,commuter,1,2026-04-13,
8947,commuter,1,2026-01-19,2026-02-14
8948,commuter,1,2026-04-13,
8949,occasional,3,2025-07-06,
8950,student,2,2025-08-01,
8951,occasional,1,2025-06-29,
8952,occasional,1,2025-07-27,
8953,student,2,2025-10-02,2025-11-15
8954,weekender,3,2025-12-03,
8955,weekender,3,2026-03-05,
8956,student,2,2025-05-19,2025-09-16
8957,weekender,3,2025-12-08,
8958,occasional,3,2025-07-23,2025-08-04
8959,weekender,3,2025-02-17,
8960,occasional,3,2026-01-27,
8961,student,2,2025-05-21,2026-01-17
8962,occasional,3,2025-04-13,
8963,occasional,3,2025-09-29,
8964,occasional,1,2025-02-11,
8965,commuter,1,2025-10-17,2025-10-17
8966,weekender,1,2025-05-26,
8967,weekender,3,2025-09-01,
8968,occasional,3,2025-12-01,
8969,occasional,3,2025-02-15,
8970,occasional,3,2025-05-05,
8971,occasional,3,2025-02-26,
8972,occasional,1,2025-09-20,
8973,commuter,1,2025-09-25,2025-09-25
8974,occasional,1,2025-09-20,
8975,commuter,1,2025-11-12,2026-02-03
8976,student,2,2026-02-28,2026-02-28
8977,occasional,2,2025-12-21,
8978,occasional,2,2025-08-16,
8979,occasional,2,2026-03-27,
8980,occasional,3,2025-06-30,
8981,occasional,2,2026-04-11,
8982,weekender,1,2025-04-21,
8983,occasional,2,2025-03-28,
8984,occasional,3,2025-10-04,
8985,student,2,2026-02-08,2026-02-08
8986,student,2,2025-12-09,
8987,student,2,2025-01-26,2025-08-22
8988,occasional,3,2026-03-30,2026-03-30
8989,student,2,2025-03-15,
8990,occasional,3,2025-07-31,
8991,student,2,2025-11-30,
8992,occasional,3,2025-10-30,
8993,weekender,2,2026-04-05,
8994,commuter,1,2025-06-19,2025-10-10
8995,student,2,2025-11-17,2025-11-17
8996,occasional,3,2025-09-14,
8997,student,2,2025-11-25,
8998,student,2,2026-03-20,2026-03-20
8999,student,2,2025-07-06,2025-08-02
9000,occasional,3,2026-02-24,
